"Sample_Type","type","control_type","sample_id","Sample_pla","Replicate","plate_no","plate_col","plate_row","tag_fwd","tag_rev","primer_fwd","primer_rev","nb_reads","nb_motus","low_contamination_level","seqdepth_ok","replicating_pcr","nb_reads_postmetabaR","nb_motus_postmetabaR"
"sample","sample",NA,"1","L1_0.45_April22","1|2|3","1|2|3","1","B","acagcaca|gtcgtaga","acacacac|agactatg","TGGTGCATGGCCGTTCTTAGT","CATCTAAGGGCATCACAGACC","507|791|876","19|32|33","TRUE","TRUE","TRUE","507|770|875","19|29|32"
"sample","sample",NA,"10","L10_0.45B_April22","1|2|3","1|2|3","2","H","acatgtgt|gatcgcga","acagcaca|gcgtcagc","TGGTGCATGGCCGTTCTTAGT","CATCTAAGGGCATCACAGACC"," 686| 839|1056","60|62|68","TRUE","TRUE","TRUE"," 664| 818|1046","51|57|63"
"sample","sample",NA,"11","L10_0.45O_April22","1|2|3","1|2|3","3","A","acacacac|cgctctcg","gtgtacat|tgacatca","TGGTGCATGGCCGTTCTTAGT","CATCTAAGGGCATCACAGACC","268|283|389","62|67|79","TRUE","TRUE","TRUE","235|251|363","53|58|71"
"sample","sample",NA,"12","L10_0.45R_April22","1|2|3","1|2|3","3","B","acagcaca|gtcgtaga","gtgtacat|tgacatca","TGGTGCATGGCCGTTCTTAGT","CATCTAAGGGCATCACAGACC"," 635|1090|1122"," 88|116|126","TRUE","TRUE","TRUE"," 589|1048|1082"," 77|103|112"
"sample","sample",NA,"14","L11_0.45_April22","1|2|3","1|2|3","3","H","acatgtgt|gatcgcga","gtgtacat|tgacatca","TGGTGCATGGCCGTTCTTAGT","CATCTAAGGGCATCACAGACC","4549|6086|6570","30|34|40","TRUE","TRUE","TRUE","4545|6078|6570","30|33|37"
"sample","sample",NA,"15","L12_0.45_April22","1|2|3","1|2|3","4","A","acacacac|cgctctcg","acatgtgt|tatgtcag","TGGTGCATGGCCGTTCTTAGT","CATCTAAGGGCATCACAGACC"," 576| 747|1180","30|33|39","TRUE","TRUE","TRUE"," 569| 724|1169","28|34"
"sample","sample",NA,"16","L1_0.45_May22","1|2|3","1|2|3","4","B","acagcaca|gtcgtaga","acatgtgt|tatgtcag","TGGTGCATGGCCGTTCTTAGT","CATCTAAGGGCATCACAGACC","108|139|150","24|26|34","TRUE","TRUE","TRUE","102|123|140","21|22|31"
"sample","sample",NA,"17","L2_0.45_May22","1","1","4","C","gtgtacat","tatgtcag","TGGTGCATGGCCGTTCTTAGT","CATCTAAGGGCATCACAGACC","131","28","TRUE","TRUE","TRUE","126","25"
"sample","sample",NA,"18","L3_0.45_May22","1|2|3","1|2|3","4","E","agactatg|tagtcgca","acatgtgt|tatgtcag","TGGTGCATGGCCGTTCTTAGT","CATCTAAGGGCATCACAGACC"," 648| 973|1202","30|32|40","TRUE","TRUE","TRUE"," 646| 968|1201","27|28|39"
"sample","sample",NA,"19","L4_0.45_May22","1|2|3","1|2|3","4","F","gcgtcagc|tactatac","acatgtgt|tatgtcag","TGGTGCATGGCCGTTCTTAGT","CATCTAAGGGCATCACAGACC","1177|1554|1574","42|46","TRUE","TRUE","TRUE","1169|1548|1570","37|42"
"sample","sample",NA,"2","L2_0.45_April22","1|2|3","1|2|3","1","C","gtcacgtc|gtgtacat","acacacac|agactatg","TGGTGCATGGCCGTTCTTAGT","CATCTAAGGGCATCACAGACC","693|699|722","49|53|54","TRUE","TRUE","TRUE","680|683|708","45|47|48"
"sample","sample",NA,"20","L5_0.45_May22","1|2|3","1|2|3","4","G","actagatc|tgacatca","acatgtgt|tatgtcag","TGGTGCATGGCCGTTCTTAGT","CATCTAAGGGCATCACAGACC","755|817|826","48|55|57","TRUE","TRUE","TRUE","741|742|801","43|51|52"
"sample","sample",NA,"21","L6_0.45B_May22","1|2|3","1|2|3","5","C","gtcacgtc|gtgtacat","gtacgact|tagtcgca","TGGTGCATGGCCGTTCTTAGT","CATCTAAGGGCATCACAGACC"," 766| 872|1049","73|77|88","TRUE","TRUE","TRUE","665|755|956","60|62|75"
"sample","sample",NA,"22","L6_0.45O_May22","1|2|3","1|2|3","5","D","gactgatg|tatgtcag","gtacgact|tagtcgca","TGGTGCATGGCCGTTCTTAGT","CATCTAAGGGCATCACAGACC"," 655|1287|1639","49|89|97","TRUE","TRUE","TRUE"," 646|1273|1627","42|80|89"
"sample","sample",NA,"23","L6_0.45R_May22","1|2|3","1|2|3","5","F","gcgtcagc|tactatac","gtacgact|tagtcgca","TGGTGCATGGCCGTTCTTAGT","CATCTAAGGGCATCACAGACC","179|203|255","46|50|52","TRUE","TRUE","TRUE","173|192|248","42|44|48"
"sample","sample",NA,"25","L7_0.45_May22","1|2|3","1|2|3","5","H","acatgtgt|gatcgcga","gtacgact|tagtcgca","TGGTGCATGGCCGTTCTTAGT","CATCTAAGGGCATCACAGACC","164|168|169","19|21|25","TRUE","TRUE","TRUE","153|157|159","16|22"
"sample","sample",NA,"26","L8_0.45_May22","1|2|3","1|2|3","6","A","acacacac|cgctctcg","atgatcgc|tactatac","TGGTGCATGGCCGTTCTTAGT","CATCTAAGGGCATCACAGACC","587|608|888","41|50|59","TRUE","TRUE","TRUE","580|588|880","34|45|53"
"sample","sample",NA,"27","L9_0.45_May22","1|2|3","1|2|3","6","B","acagcaca|gtcgtaga","atgatcgc|tactatac","TGGTGCATGGCCGTTCTTAGT","CATCTAAGGGCATCACAGACC","1443|1578|1842","74|75|81","TRUE","TRUE","TRUE","1409|1551|1801","67|70"
"sample","sample",NA,"28","L10_0.45_May22","1|2|3","1|2|3","6","G","actagatc|tgacatca","atgatcgc|tactatac","TGGTGCATGGCCGTTCTTAGT","CATCTAAGGGCATCACAGACC","1816|1837|2048","39|41|42","TRUE","TRUE","TRUE","1812|1828|2045","36|38|39"
"sample","sample",NA,"29","L11_0.45_May22","1|2|3","1|2|3","6","H","acatgtgt|gatcgcga","atgatcgc|tactatac","TGGTGCATGGCCGTTCTTAGT","CATCTAAGGGCATCACAGACC","636|691|790"," 97| 98|103","TRUE","TRUE","TRUE","570|633|735","76|78|83"
"sample","sample",NA,"3","L3_0.45_April22","1|2|3","1|2|3","1","D","gactgatg|tatgtcag","acacacac|agactatg","TGGTGCATGGCCGTTCTTAGT","CATCTAAGGGCATCACAGACC"," 684|1598|1729","40|47|48","TRUE","TRUE","TRUE"," 664|1578|1719","30|41|42"
"sample","sample",NA,"30","L12_0.45_May22","1|2|3","1|2|3","7","A","acacacac|cgctctcg","acgacgag|actagatc","TGGTGCATGGCCGTTCTTAGT","CATCTAAGGGCATCACAGACC"," 647| 833|1102","21|30","TRUE","TRUE","TRUE"," 641| 825|1088","16|22|26"
"sample","sample",NA,"31","L1_0.45B_June22","1|2|3","1|2|3","7","B","acagcaca|gtcgtaga","acgacgag|actagatc","TGGTGCATGGCCGTTCTTAGT","CATCTAAGGGCATCACAGACC","1634|1671|2530","66|69|79","TRUE","TRUE","TRUE","1431|1462|2173","44|45|49"
"sample","sample",NA,"32","L1_0.45O_June22","1|2|3","1|2|3","7","C","gtcacgtc|gtgtacat","acgacgag|actagatc","TGGTGCATGGCCGTTCTTAGT","CATCTAAGGGCATCACAGACC"," 803|1047|1520","55|58|70","TRUE","TRUE","TRUE"," 685| 901|1276","34|46"
"sample","sample",NA,"33","L1_0.45R_June22","1|2|3","1|2|3","7","D","gactgatg|tatgtcag","acgacgag|actagatc","TGGTGCATGGCCGTTCTTAGT","CATCTAAGGGCATCACAGACC"," 769|1689|2802","39|57|90","TRUE","TRUE","TRUE"," 664|1481|2381","24|37|58"
"sample","sample",NA,"35","L2_0.45_June22","1|2|3","1|2|3","8","B","acagcaca|gtcgtaga","catcagtc|gatcgcga","TGGTGCATGGCCGTTCTTAGT","CATCTAAGGGCATCACAGACC","1109|1141|1222","60|66|78","TRUE","TRUE","TRUE","1023|1069|1131","51|52|64"
"sample","sample",NA,"36","L3_0.45_June22","1|2|3","1|2|3","8","C","gtcacgtc|gtgtacat","catcagtc|gatcgcga","TGGTGCATGGCCGTTCTTAGT","CATCTAAGGGCATCACAGACC","1626|1764|1940","78|80|88","TRUE","TRUE","TRUE","1471|1589|1702","55|58|64"
"sample","sample",NA,"37","L4_0.45_June22","1|2|3","1|2|3","8","D","gactgatg|tatgtcag","catcagtc|gatcgcga","TGGTGCATGGCCGTTCTTAGT","CATCTAAGGGCATCACAGACC","1392|2968|3107"," 65|102|107","TRUE","TRUE","TRUE","1310|2753|2871","51|83"
"sample","sample",NA,"38","L5_0.45_June22","1|2|3","1|2|3","8","E","agactatg|tagtcgca","catcagtc|gatcgcga","TGGTGCATGGCCGTTCTTAGT","CATCTAAGGGCATCACAGACC","2112|2311|2884","51|58|65","TRUE","TRUE","TRUE","2090|2299|2876","45|49|58"
"sample","sample",NA,"39","L6_0.45_June22","1|2|3","1|2|3","8","F","gcgtcagc|tactatac","catcagtc|gatcgcga","TGGTGCATGGCCGTTCTTAGT","CATCTAAGGGCATCACAGACC","2465|2624|3216"," 90|112","TRUE","TRUE","TRUE","2367|2522|3107","63|64|87"
"sample","sample",NA,"4","L4_0.45_April22","1|2|3","1|2|3","1","E","agactatg|tagtcgca","acacacac|agactatg","TGGTGCATGGCCGTTCTTAGT","CATCTAAGGGCATCACAGACC","591|680|719","64|66","TRUE","TRUE","TRUE","560|644|679","52|55|56"
"sample","sample",NA,"40","L7_0.45_June22","1","1","8","G","actagatc","gatcgcga","TGGTGCATGGCCGTTCTTAGT","CATCTAAGGGCATCACAGACC","1119","31","TRUE","TRUE","TRUE","1025","26"
"sample","sample",NA,"41","L8_0.45_June22","1|2|3","1|2|3","9","A","acacacac|cgctctcg","atcagtca|cgctctcg","TGGTGCATGGCCGTTCTTAGT","CATCTAAGGGCATCACAGACC"," 425| 738|1064","33|51|61","TRUE","TRUE","TRUE"," 404| 726|1062","31|44|54"
"sample","sample",NA,"42","L9_0.45_June22","1|2|3","1|2|3","9","E","agactatg|tagtcgca","atcagtca|cgctctcg","TGGTGCATGGCCGTTCTTAGT","CATCTAAGGGCATCACAGACC","1434|1472|1686","51|56|68","TRUE","TRUE","TRUE","1376|1379|1621","39|43|52"
"sample","sample",NA,"43","L10_0.45_June22","1|2|3","1|2|3","9","F","gcgtcagc|tactatac","atcagtca|cgctctcg","TGGTGCATGGCCGTTCTTAGT","CATCTAAGGGCATCACAGACC","2653|2705|2999","89|91|99","TRUE","TRUE","TRUE","2613|2669|2963","72|73|80"
"sample","sample",NA,"45","L12_0.45_June22","1|2|3","1|2|3","10","A","acacacac|cgctctcg","gtcgtaga|tctactga","TGGTGCATGGCCGTTCTTAGT","CATCTAAGGGCATCACAGACC","166|223|277","18|35|40","TRUE","TRUE","TRUE","132|215|252","17|30|32"
"sample","sample",NA,"46","L1_0.45_July22","1|2|3","1|2|3","10","B","acagcaca|gtcgtaga","gtcgtaga|tctactga","TGGTGCATGGCCGTTCTTAGT","CATCTAAGGGCATCACAGACC","1029|1211|1795","23|25|37","TRUE","TRUE","TRUE"," 914|1081|1793","16|23|30"
"sample","sample",NA,"47","L2_0.45_July22","2|3","2|3","10","C","gtcacgtc|gtgtacat","gtcgtaga|tctactga","TGGTGCATGGCCGTTCTTAGT","CATCTAAGGGCATCACAGACC","522|915","36|69","TRUE","TRUE","TRUE","471|834","23|46"
"sample","sample",NA,"48","L3_0.45_July22","1|2|3","1|2|3","10","D","gactgatg|tatgtcag","gtcgtaga|tctactga","TGGTGCATGGCCGTTCTTAGT","CATCTAAGGGCATCACAGACC","1074|2279|3437","45|66|73","TRUE","TRUE","TRUE"," 973|2071|3112","28|43|54"
"sample","sample",NA,"49","L4_0.45_July22","1|2|3","1|2|3","11","A","acacacac|cgctctcg","gatgatct|gtcacgtc","TGGTGCATGGCCGTTCTTAGT","CATCTAAGGGCATCACAGACC","3874|4302|4986","35|39|41","TRUE","TRUE","TRUE","3866|4297|4980","33|35"
"sample","sample",NA,"5","L5_0.45_April22","1|2|3","1|2|3","1","F","gcgtcagc|tactatac","acacacac|agactatg","TGGTGCATGGCCGTTCTTAGT","CATCTAAGGGCATCACAGACC","737|805|885","67|68|83","TRUE","TRUE","TRUE","707|773|851","52|55|65"
"sample","sample",NA,"50","L5_0.45_July22","1|2|3","1|2|3","11","B","acagcaca|gtcgtaga","gatgatct|gtcacgtc","TGGTGCATGGCCGTTCTTAGT","CATCTAAGGGCATCACAGACC","2507|2632|2860","84|96|99","TRUE","TRUE","TRUE","2466|2596|2811","75|77|88"
"sample","sample",NA,"51","L6_0.45_July22","1|2|3","1|2|3","11","C","gtcacgtc|gtgtacat","gatgatct|gtcacgtc","TGGTGCATGGCCGTTCTTAGT","CATCTAAGGGCATCACAGACC","1087|1306|1623","12|45|49","TRUE","TRUE","TRUE","1067|1275|1621","10|36|42"
"sample","sample",NA,"52","L7_0.45_July22","1|2|3","1|2|3","11","F","gcgtcagc|tactatac","gatgatct|gtcacgtc","TGGTGCATGGCCGTTCTTAGT","CATCTAAGGGCATCACAGACC","1203|1248|1367","44|55|56","TRUE","TRUE","TRUE"," 942|1077|1126","36|41|47"
"sample","sample",NA,"53","L8_0.45_July22","1|2|3","1|2|3","11","G","actagatc|tgacatca","gatgatct|gtcacgtc","TGGTGCATGGCCGTTCTTAGT","CATCTAAGGGCATCACAGACC","697|700|787","57|63|66","TRUE","TRUE","TRUE","674|764","50|51|57"
"sample","sample",NA,"54","L9_0.45B_July22","1|3","1|3","11","H","acatgtgt|gatcgcga","gtcacgtc","TGGTGCATGGCCGTTCTTAGT","CATCTAAGGGCATCACAGACC","4628|6119","59|61","TRUE","TRUE","TRUE","4620|6049","48|57"
"sample","sample",NA,"55","L9_0.45O_July22","1|3","1|3","12","E","agactatg|tagtcgca","gactgatg","TGGTGCATGGCCGTTCTTAGT","CATCTAAGGGCATCACAGACC"," 944|1398","16|50","TRUE","TRUE","TRUE"," 853|1396","15|44"
"sample","sample",NA,"56","L9_0.45R_July22","1|2|3","1|2|3","12","F","gcgtcagc|tactatac","ctgcgtac|gactgatg","TGGTGCATGGCCGTTCTTAGT","CATCTAAGGGCATCACAGACC","1542|1649|1667","10|53|68","TRUE","TRUE","TRUE","1508|1634|1648"," 9|44|55"
"sample","sample",NA,"58","L10_0.45_July22","1|2|3","1|2|3","12","H","acatgtgt|gatcgcga","ctgcgtac|gactgatg","TGGTGCATGGCCGTTCTTAGT","CATCTAAGGGCATCACAGACC","1436|1776|1804"," 9|35|36","TRUE","TRUE","TRUE","  17|1756|1763"," 5|28|29"
"sample","sample",NA,"6","L6_0.45_April22","1|2|3","1|2|3","1","G","actagatc|tgacatca","acacacac|agactatg","TGGTGCATGGCCGTTCTTAGT","CATCTAAGGGCATCACAGACC","2091|2101|2514","66|70|74","TRUE","TRUE","TRUE","2073|2087|2500","58|62|68"
"sample","sample",NA,"7","L7_0.45_April22","1|2|3","1|2|3","2","E","agactatg|tagtcgca","acagcaca|gcgtcagc","TGGTGCATGGCCGTTCTTAGT","CATCTAAGGGCATCACAGACC","379|501|512","26|28|30","TRUE","TRUE","TRUE","359|484|507","17|21|25"
"sample","sample",NA,"9","L9_0.45_April22","1|2|3","1|2|3","2","G","actagatc|tgacatca","acagcaca|gcgtcagc","TGGTGCATGGCCGTTCTTAGT","CATCTAAGGGCATCACAGACC","615|706|796","29|36|39","TRUE","TRUE","TRUE","605|690|783","19|27|29"
