"","id","cluster_weight","count","obitag_bestid","obitag_bestmatch","obitag_match_count","obitag_rank","obitag_similarity_method","scientific_name","taxid","taxonomic_path","sequence","not_an_extraction_conta","not_an_pcr_conta","not_an_seq_conta","target_taxon","not_degraded"
">>>>>>>>>>>>>>>>>>>>>>>>>>>>>>>>>>>>>>>>>>>>>>>>>>>>>>>>>>>>>>>>>>>>>>MN00722:141:000H75TFF:1:13110:8847:13911_sub[29..159]",">>>>>>>>>>>>>>>>>>>>>>>>>>>>>>>>>>>>>>>>>>>>>>>>>>>>>>>>>>>>>>>>>>>>>>MN00722:141:000H75TFF:1:13110:8847:13911_sub[29..159]",49081,47317,0.977099236641,"GU067947_sub[1648..1778]",1,"species","lcs","Eudiaptomus environmental sample",858401,"1@root@no rank|131567@cellular organisms@no rank|2759@Eukaryota@superkingdom|33154@Opisthokonta@clade|33208@Metazoa@kingdom|6072@Eumetazoa@clade|33213@Bilateria@clade|33317@Protostomia@clade|1206794@Ecdysozoa@clade|88770@Panarthropoda@clade|6656@Arthropoda@phylum|197563@Mandibulata@clade|197562@Pancrustacea@clade|6657@Crustacea@subphylum|2172821@Multicrustacea@superclass|72037@Hexanauplia@class|6830@Copepoda@subclass|116569@Neocopepoda@infraclass|116570@Gymnoplea@superorder|6833@Calanoida@order|236535@Diaptomidae@family|251516@Eudiaptomus@genus|858400@environmental samples@no rank|858401@Eudiaptomus environmental sample@species","cgtcgctactaccgattgagcgttttagtgaggtcctcggactgttggcctggcggttaaccctgcctcgctagtggaaagacgaccaaactgtagcgcttagaggaagtaaaagtcgtaacaaggtttcc",TRUE,TRUE,TRUE,TRUE,TRUE
"MN00722:141:000H75TFF:1:13110:19853:12398_sub[28..156]","MN00722:141:000H75TFF:1:13110:19853:12398_sub[28..156]",16039,14541,0.903703703704,"FN562442_sub[1625..1759]",1,"superkingdom","lcs","Eukaryota",2759,"1@root@no rank|131567@cellular organisms@no rank|2759@Eukaryota@superkingdom","cgtcgctcctaccgattgaatgatccggtgaaatcttcggactgcggctgaggcggttcgccgtcgattttgcgggaagttgattaaaccttatcatttagaggaaggagaagtcgtaacaaggtttcc",TRUE,TRUE,TRUE,TRUE,TRUE
"MN00722:141:000H75TFF:1:12105:17403:17272_sub[31..158]","MN00722:141:000H75TFF:1:12105:17403:17272_sub[31..158]",6505,6367,0.984375,"LC647555_sub[1616..1743]",3,"genus","lcs","Cryptomonas",3030,"1@root@no rank|131567@cellular organisms@no rank|2759@Eukaryota@superkingdom|3027@Cryptophyceae@class|589350@Cryptomonadales@order|2896@Cryptomonadaceae@family|3030@Cryptomonas@genus","cgtcgctcctaccgattgaatggtccggcgaaatcttcagattgctggcgagtgcttcacggtgctcgctgtgagaagttgattaaaccttatcatttagaggaaggagaagtcgtaacaaggtttcc",TRUE,TRUE,TRUE,TRUE,TRUE
"MN00722:141:000H75TFF:1:22105:17807:7102_sub[29..191]","MN00722:141:000H75TFF:1:22105:17807:7102_sub[29..191]",5738,5635,0.981595092025,"AM490277_sub[1930..2092]",1,"species","lcs","Chydorus sphaericus",77745,"1@root@no rank|131567@cellular organisms@no rank|2759@Eukaryota@superkingdom|33154@Opisthokonta@clade|33208@Metazoa@kingdom|6072@Eumetazoa@clade|33213@Bilateria@clade|33317@Protostomia@clade|1206794@Ecdysozoa@clade|88770@Panarthropoda@clade|6656@Arthropoda@phylum|197563@Mandibulata@clade|197562@Pancrustacea@clade|6657@Crustacea@subphylum|6658@Branchiopoda@class|116557@Phyllopoda@subclass|84337@Diplostraca@order|6665@Cladocera@suborder|116561@Anomopoda@infraorder|77713@Chydoridae@family|77744@Chydorus@genus|77745@Chydorus sphaericus@species","cgtcgctactaccgattgaatgatttagtgaggccttcggacgggcccgtcgggcttccggctttcggggggcaactctcggaggctgaggctatccacggcgggactgaaagatgtccgaacttgatcctttagaggaagtaaaagtcgtaacaaggtttcc",TRUE,TRUE,TRUE,TRUE,TRUE
"MN00722:141:000H75TFF:1:13110:3634:10860_sub[29..161]","MN00722:141:000H75TFF:1:13110:3634:10860_sub[29..161]",4802,4736,1,"KT265809_sub[391..523]",2,"genus","lcs","Penicillium",5073,"1@root@no rank|131567@cellular organisms@no rank|2759@Eukaryota@superkingdom|33154@Opisthokonta@clade|4751@Fungi@kingdom|451864@Dikarya@subkingdom|4890@Ascomycota@phylum|716545@saccharomyceta@clade|147538@Pezizomycotina@subphylum|716546@leotiomyceta@clade|147545@Eurotiomycetes@class|451871@Eurotiomycetidae@subclass|5042@Eurotiales@order|1131492@Aspergillaceae@family|5073@Penicillium@genus","cgtcgctactaccgattgaatggctcagtgaggccttcggactggcgccggagggttggcaacgaccccccagcgccggaaagttggtcaaactcggtcatttagaggaagtaaaagtcgtaacaaggtttcc",TRUE,TRUE,TRUE,TRUE,TRUE
"MN00722:141:000H75TFF:1:21109:13236:4650_sub[30..194]","MN00722:141:000H75TFF:1:21109:13236:4650_sub[30..194]",2666,2309,0.987878787879,"AF014011_sub[2102..2266]",1,"species","lcs","Daphnia pulex",6669,"1@root@no rank|131567@cellular organisms@no rank|2759@Eukaryota@superkingdom|33154@Opisthokonta@clade|33208@Metazoa@kingdom|6072@Eumetazoa@clade|33213@Bilateria@clade|33317@Protostomia@clade|1206794@Ecdysozoa@clade|88770@Panarthropoda@clade|6656@Arthropoda@phylum|197563@Mandibulata@clade|197562@Pancrustacea@clade|6657@Crustacea@subphylum|6658@Branchiopoda@class|116557@Phyllopoda@subclass|84337@Diplostraca@order|6665@Cladocera@suborder|116561@Anomopoda@infraorder|77658@Daphniidae@family|6668@Daphnia@genus|6669@Daphnia pulex@species","cgtcgctactaccgattgaatgatttagtgaggccttcggacgggcttgtcggggtgccgtcgagcggggagcaatctctgcccgcgcggtgcctaccaacggcgagactgaaagatggtcgaacttgatcctttagaggaagtaaaagtcgtaacaaggtttcc",TRUE,TRUE,TRUE,TRUE,TRUE
"MN00722:141:000H75TFF:1:13110:4850:16390_sub[31..163]","MN00722:141:000H75TFF:1:13110:4850:16390_sub[31..163]",2143,2050,1,"LR761623_sub[47849985..47876984]_sub[19979..20111]",3,"superkingdom","lcs","Eukaryota",2759,"1@root@no rank|131567@cellular organisms@no rank|2759@Eukaryota@superkingdom","cgtcgctactaccgattgaatggctcagtgaggctttgggactggctcaggagggttggcaacgaccccccagagccggaaacttagtcaaactcggtcatttagaggaagtaaaagtcgtaacaaggtttcc",TRUE,TRUE,TRUE,TRUE,TRUE
"MN00722:141:000H75TFF:1:22104:8730:20231_sub[29..161]","MN00722:141:000H75TFF:1:22104:8730:20231_sub[29..161]",1026,983,0.977443609023,"AY626998_sub[1652..1783]",1,"species","lcs","Cyclops sp. UK-RJH-2004",298421,"1@root@no rank|131567@cellular organisms@no rank|2759@Eukaryota@superkingdom|33154@Opisthokonta@clade|33208@Metazoa@kingdom|6072@Eumetazoa@clade|33213@Bilateria@clade|33317@Protostomia@clade|1206794@Ecdysozoa@clade|88770@Panarthropoda@clade|6656@Arthropoda@phylum|197563@Mandibulata@clade|197562@Pancrustacea@clade|6657@Crustacea@subphylum|2172821@Multicrustacea@superclass|72037@Hexanauplia@class|6830@Copepoda@subclass|116569@Neocopepoda@infraclass|116571@Podoplea@superorder|84308@Cyclopoida@order|84315@Cyclopidae@family|263416@Cyclops@genus|2627901@unclassified Cyclops@no rank|298421@Cyclops sp. UK-RJH-2004@species","cgtcgctactaccgattgaacgttttagtgaggtatttggactggacctccggaggttcgcgcctccggtgctgttcgggaagactcccaaacttgagcgtttagaggaagtaaaagtcgtaacaaggttacc",TRUE,TRUE,TRUE,TRUE,TRUE
"MN00722:141:000H75TFF:1:21102:10278:10328_sub[30..162]","MN00722:141:000H75TFF:1:21102:10278:10328_sub[30..162]",966,871,0.962962962963,"KY859765_sub[1647..1781]",1,"superkingdom","lcs","Eukaryota",2759,"1@root@no rank|131567@cellular organisms@no rank|2759@Eukaryota@superkingdom","cgtcgctactaccgattgaatggtttagtgagatcctcggattggaccggaggtggcgcaagttgcctctaggttccgagaagacgatcaaacttgatcatttagaggaagtaaaagtcgtaacaaggtttcc",TRUE,TRUE,TRUE,TRUE,TRUE
"MN00722:141:000H75TFF:1:21108:9632:3715_sub[30..160]","MN00722:141:000H75TFF:1:21108:9632:3715_sub[30..160]",686,679,0.969465648855,"AJ810858_sub[1647..1777]",6,"class","lcs","Coscinodiscophyceae",33836,"1@root@no rank|131567@cellular organisms@no rank|2759@Eukaryota@superkingdom|2698737@Sar@clade|33634@Stramenopiles@clade|2696291@Ochrophyta@clade|2836@Bacillariophyta@phylum|33836@Coscinodiscophyceae@class","cgtcgcacctaccgattgaatggtccggtgaggactcgggattgtggtttggctcctttactggggccagacggtgagaacttgtccaaaccttatcatttagaggaaggtgaagtcgtaacaaggtttcc",TRUE,TRUE,TRUE,TRUE,TRUE
"MN00722:141:000H75TFF:1:21107:22404:4324_sub[28..151]","MN00722:141:000H75TFF:1:21107:22404:4324_sub[28..151]",475,403,1,"MW929302_sub[1564..1687]",2,"genus","lcs","Coleps",6003,"1@root@no rank|131567@cellular organisms@no rank|2759@Eukaryota@superkingdom|2698737@Sar@clade|33630@Alveolata@clade|5878@Ciliophora@phylum|431838@Intramacronucleata@subphylum|6000@Prostomatea@class|6001@Prorodontida@order|6002@Colepidae@family|6003@Coleps@genus","cgtcgctcctaccgatttcgagtgatccggtgaaccttctggaccgaattgatcttcatggttaaattgggaagttaagtaaaccttatcacttagaggaaggagaagtcgtaacaaggtttcc",TRUE,TRUE,TRUE,TRUE,TRUE
"MN00722:141:000H75TFF:1:23104:17264:5434_sub[29..157]","MN00722:141:000H75TFF:1:23104:17264:5434_sub[29..157]",16039,416,0.896296296296,"FN562442_sub[1625..1759]",2,"superkingdom","lcs","Eukaryota",2759,"1@root@no rank|131567@cellular organisms@no rank|2759@Eukaryota@superkingdom","cgtcgctcctaccgattgaatgatccggtgaaatcttcggactgcggctgaggcggttcgccgtcgatgctgcgggaagttgattaaaccttatcatttagaggaaggagaagtcgtaacaaggtttct",TRUE,TRUE,TRUE,TRUE,TRUE
"MN00722:141:000H75TFF:1:23110:1967:14166_sub[29..164]","MN00722:141:000H75TFF:1:23110:1967:14166_sub[29..164]",488,367,0.985294117647,"AM490275_sub[1920..2055]",1,"species","lcs","Bosmina longirostris",27403,"1@root@no rank|131567@cellular organisms@no rank|2759@Eukaryota@superkingdom|33154@Opisthokonta@clade|33208@Metazoa@kingdom|6072@Eumetazoa@clade|33213@Bilateria@clade|33317@Protostomia@clade|1206794@Ecdysozoa@clade|88770@Panarthropoda@clade|6656@Arthropoda@phylum|197563@Mandibulata@clade|197562@Pancrustacea@clade|6657@Crustacea@subphylum|6658@Branchiopoda@class|116557@Phyllopoda@subclass|84337@Diplostraca@order|6665@Cladocera@suborder|116561@Anomopoda@infraorder|27401@Bosminidae@family|27402@Bosmina@genus|27403@Bosmina longirostris@species","cgtcgctactaccgattgaatgatttagtgagaacttcagacggctatgtttgtccggggcaacccgcgtcgagcaaggctgaaagatgttcaaacttgatcctttagaggaagtaaaagtcgtaacaaggtttcc",TRUE,TRUE,TRUE,TRUE,TRUE
"MN00722:141:000H75TFF:1:21104:8977:2871_sub[30..160]","MN00722:141:000H75TFF:1:21104:8977:2871_sub[30..160]",527,310,0.992366412214,"MCU73228_sub[1637..1767]",1,"species","lcs","Mallomonas caudata",52549,"1@root@no rank|131567@cellular organisms@no rank|2759@Eukaryota@superkingdom|2698737@Sar@clade|33634@Stramenopiles@clade|2696291@Ochrophyta@clade|33859@Synurophyceae@class|420622@Synurales@order|420617@Mallomonadaceae@family|2988@Mallomonas@genus|52549@Mallomonas caudata@species","cgtcgcacctaccgattgaatgattcggtgaaaattccggactgtggcttggtaaccgggaggtagccttgctgtaggaagttatttaaacctcatcatttagaggaaggtgaagtcgtaacaaggtttcc",TRUE,TRUE,TRUE,TRUE,TRUE
"MN00722:141:000H75TFF:1:23102:13399:17787_sub[29..209]","MN00722:141:000H75TFF:1:23102:13399:17787_sub[29..209]",359,355,0.896174863388,"HQ287920_sub[2237..2413]",1,"species","lcs","Lepocinclis oxyuris",107946,"1@root@no rank|131567@cellular organisms@no rank|2759@Eukaryota@superkingdom|2611352@Discoba@clade|33682@Euglenozoa@phylum|3035@Euglenida@class|2570567@Spirocuta@clade|2704141@Euglenophyceae@subclass|86650@Euglenales@order|1131319@Phacaceae@family|66846@Lepocinclis@genus|107946@Lepocinclis oxyuris@species","cgtcgttgctaccgatggtagcgggatagagccatccggaggccactgcctcttccgtcggggttcagtctccgcagctcctcctcggaggtcctgtgggctggtgctctgccgggaggttggtgccaaaatcgggcaatgtcctgctgctagaggaagcaaaagtcgtaacaaggttgct",TRUE,TRUE,TRUE,TRUE,TRUE
"MN00722:141:000H75TFF:1:11106:25070:13136_sub[29..159]","MN00722:141:000H75TFF:1:11106:25070:13136_sub[29..159]",340,329,0.931297709924,"KX442725_sub[181..311]",1,"species","lcs","Paraphysomonas sp.",1955561,"1@root@no rank|131567@cellular organisms@no rank|2759@Eukaryota@superkingdom|2698737@Sar@clade|33634@Stramenopiles@clade|2696291@Ochrophyta@clade|2825@Chrysophyceae@class|96792@Chromulinales@order|36768@Paraphysomonadaceae@family|36769@Paraphysomonas@genus|2617784@unclassified Paraphysomonas@no rank|1955561@Paraphysomonas sp.@species","cgtcgcacctaccgattgaatggttcggtgaaaatttcggactgtgatttggttgctttcgggcagctgagttgtggaaagttgtttaaacctcatcatttagaggaaggtgaagtcgtaacaaggtttcc",TRUE,TRUE,TRUE,TRUE,TRUE
"MN00722:141:000H75TFF:1:22103:21598:20142_sub[31..158]","MN00722:141:000H75TFF:1:22103:21598:20142_sub[31..158]",16039,220,0.896296296296,"FN562442_sub[1625..1759]",2,"superkingdom","lcs","Eukaryota",2759,"1@root@no rank|131567@cellular organisms@no rank|2759@Eukaryota@superkingdom","gtcgctcctaccgattgaatgatccggtgaaatcttcggactgcggctgaggcggttcgccgtcgatgctgcgggaagttgattaaaccttatcatttagaggaaggagaagtcgtaacaaggtttcc",TRUE,TRUE,TRUE,TRUE,TRUE
"MN00722:141:000H75TFF:1:22106:21598:13294_sub[29..159]","MN00722:141:000H75TFF:1:22106:21598:13294_sub[29..159]",218,195,0.954198473282,"OQ453644_sub[1590..1720]",2,"clade","lcs","Ochrophyta",2696291,"1@root@no rank|131567@cellular organisms@no rank|2759@Eukaryota@superkingdom|2698737@Sar@clade|33634@Stramenopiles@clade|2696291@Ochrophyta@clade","cgtcgcacctaccgattgaatggttcggtgaaactttcggaccgtggttcggatgccttcgggcaaccttactgtgggaagttatttaaacctcatcatttagaggaaggtgaagtcgtaacaaggtttcc",TRUE,TRUE,TRUE,TRUE,TRUE
"MN00722:141:000H75TFF:1:22101:11269:11388_sub[30..170]","MN00722:141:000H75TFF:1:22101:11269:11388_sub[30..170]",196,196,0.86524822695,"AH005452_sub[2099..2221]",1,"species","lcs","Peranema trichophorum",56466,"1@root@no rank|131567@cellular organisms@no rank|2759@Eukaryota@superkingdom|2611352@Discoba@clade|33682@Euglenozoa@phylum|3035@Euglenida@class|2570567@Spirocuta@clade|2704111@Heteronematina@clade|86653@Heteronematales@order|2704085@Peranemidae@family|56465@Peranema@genus|56466@Peranema trichophorum@species","cgtcgttgctactgatggtatggtaacagaggctggaagagagacgcctaactccttccttcactggattgtgtgattggctgtctcaaatccatccaatgttgtcatgctagaagaagcaaaagtcgtaacaaggttgct",TRUE,TRUE,TRUE,TRUE,TRUE
"MN00722:141:000H75TFF:1:13109:21140:20116_sub[31..154]","MN00722:141:000H75TFF:1:13109:21140:20116_sub[31..154]",195,191,0.944,"DQ487198_sub[1527..1651]",1,"family","lcs","Strombidiidae",60004,"1@root@no rank|131567@cellular organisms@no rank|2759@Eukaryota@superkingdom|2698737@Sar@clade|33630@Alveolata@clade|5878@Ciliophora@phylum|431838@Intramacronucleata@subphylum|33829@Spirotrichea@class|211030@Oligotrichia@subclass|60004@Strombidiidae@family","cgtcgctcctaccgatttcgagtggtccggtgaatctttcggaccgcatgtggcctcgtgccacgtgtggaaagtcaggtaaaccttatcacttagaggaaggagaagtcgtaacaaggtttcc",TRUE,TRUE,TRUE,TRUE,TRUE
"MN00722:141:000H75TFF:1:13109:10839:2591_sub[29..147]","MN00722:141:000H75TFF:1:13109:10839:2591_sub[29..147]",190,180,0.875,"CP113817_sub[614147..641146]_sub[22915..23042]",1,"superkingdom","lcs","Eukaryota",2759,"1@root@no rank|131567@cellular organisms@no rank|2759@Eukaryota@superkingdom","cgtcgctcctaccgattgagtgttccggtgaatgatacggaccttatgcagttcttgcaatgagggaagtctcgtaaaccttatcacttagaggaaggataagtcgtaacaaggtttcc",TRUE,TRUE,TRUE,TRUE,TRUE
"MN00722:141:000H75TFF:1:12102:16320:6990_sub[28..158]","MN00722:141:000H75TFF:1:12102:16320:6990_sub[28..158]",171,135,0.85401459854,"DQ303924_sub[1658..1789]",4,"clade","lcs","Rhizaria",543769,"1@root@no rank|131567@cellular organisms@no rank|2759@Eukaryota@superkingdom|2698737@Sar@clade|543769@Rhizaria@clade","cgtcgctactaccgattgaatggcttagtgagctccaaggacagcggccttcggttggaaacttccgctggtcgcaggaattggatcaaacttgatcatttagaggaagtaaaagtcgtaacaaggtttcc",TRUE,TRUE,TRUE,TRUE,TRUE
"MN00722:141:000H75TFF:1:12107:22152:1439_sub[29..154]","MN00722:141:000H75TFF:1:12107:22152:1439_sub[29..154]",159,154,1,"AJ007281_sub[1594..1719]",1,"species","lcs","Cryptomonas obovoidea",400143,"1@root@no rank|131567@cellular organisms@no rank|2759@Eukaryota@superkingdom|3027@Cryptophyceae@class|589350@Cryptomonadales@order|2896@Cryptomonadaceae@family|3030@Cryptomonas@genus|400143@Cryptomonas obovoidea@species","cgtcgctcctaccgattgaatggtccggcgaaatcttcagattgctggcaacccgtcaaacggttgctgtgagaagttgattaaaccttatcatttagaggaaggagaagtcgtaacaaggtttcc",TRUE,TRUE,TRUE,TRUE,TRUE
"MN00722:141:000H75TFF:1:23103:18609:6903_sub[29..154]","MN00722:141:000H75TFF:1:23103:18609:6903_sub[29..154]",155,135,0.960317460317,"GU067995_sub[1627..1750]",2,"superkingdom","lcs","Eukaryota",2759,"1@root@no rank|131567@cellular organisms@no rank|2759@Eukaryota@superkingdom","cgtcgctcctaccgattgaatggtccggcgaaatcttcagattgctggctaggcttcaaaccctagctgtgagaagttgattaaaccttatcatttagaggaaggagaagtcgtaacaaggtttcc",TRUE,TRUE,TRUE,TRUE,TRUE
"MN00722:141:000H75TFF:1:21104:1915:13410_sub[29..157]","MN00722:141:000H75TFF:1:21104:1915:13410_sub[29..157]",150,139,0.857142857143,"EU011923_sub[1711..1843]",1,"species","lcs","Didymoeca costata",459534,"1@root@no rank|131567@cellular organisms@no rank|2759@Eukaryota@superkingdom|33154@Opisthokonta@clade|28009@Choanoflagellata@class|1924739@Acanthoecida@order|1158810@Stephanoecidae@family|1042545@Didymoeca@genus|459534@Didymoeca costata@species","cgtcgctactaccgattgaatggcttagtgaggactcgggatttgcctcctctctggtttcagactgggggcggagaacttgttcaaacttggtcatttagaggaagtaaaagtcgtaacaaggtttcc",TRUE,TRUE,TRUE,TRUE,TRUE
"MN00722:141:000H75TFF:1:12108:26166:16572_sub[30..158]","MN00722:141:000H75TFF:1:12108:26166:16572_sub[30..158]",16039,126,0.896296296296,"FN562442_sub[1625..1759]",2,"superkingdom","lcs","Eukaryota",2759,"1@root@no rank|131567@cellular organisms@no rank|2759@Eukaryota@superkingdom","cgtcgctcctaccgattgaatgatccggtgaaatcttcggactgcggctgaggcggttcgccgtcgatgctgcgggaagttgattaaaccttatcatttagaggaaggggaagtcgtaacaaggtttcc",TRUE,TRUE,TRUE,TRUE,TRUE
"MN00722:141:000H75TFF:1:23109:6247:13429_sub[30..161]","MN00722:141:000H75TFF:1:23109:6247:13429_sub[30..161]",159,97,0.977443609023,"HQ121430_sub[1571..1702]",1,"species","lcs","Rhogostoma schuessleri",981202,"1@root@no rank|131567@cellular organisms@no rank|2759@Eukaryota@superkingdom|2698737@Sar@clade|543769@Rhizaria@clade|136419@Cercozoa@phylum|1004930@Thecofilosea@class|589444@Cryomonadida@order|2004844@Rhogostomidae@family|981201@Rhogostoma@genus|981202@Rhogostoma schuessleri@species","cgtcgctactaccgattgaatggcttagtgagctctctggactgttgcgtgttaggggcaactctgacacgcaaacgggaaggagatcaaacttgatcatttagaggaagtaaaagtcgtaacaaggtttcc",TRUE,TRUE,TRUE,TRUE,TRUE
"MN00722:141:000H75TFF:1:11108:22603:10540_sub[31..163]","MN00722:141:000H75TFF:1:11108:22603:10540_sub[31..163]",112,110,0.897058823529,"HQ121430_sub[1571..1702]",2,"phylum","lcs","Cercozoa",136419,"1@root@no rank|131567@cellular organisms@no rank|2759@Eukaryota@superkingdom|2698737@Sar@clade|543769@Rhizaria@clade|136419@Cercozoa@phylum","cgtcgctactaccgattgaatggcttagtgagctctttggactgtggcgtttggttggtgacttccaaacgctattcgggaagaagatcaaacttgatcatttagaggaagtaaaagtcgtaacaaggtttcc",TRUE,TRUE,TRUE,TRUE,TRUE
"MN00722:141:000H75TFF:1:23106:7592:4038_sub[31..159]","MN00722:141:000H75TFF:1:23106:7592:4038_sub[31..159]",16039,97,0.896296296296,"FN562442_sub[1625..1759]",2,"superkingdom","lcs","Eukaryota",2759,"1@root@no rank|131567@cellular organisms@no rank|2759@Eukaryota@superkingdom","cgtcgctcctaccgattgaatgatccggtgaaatcttcggactgcggctgaggcggttcgccgtcgatgctgcgggaagttgattaaaccttaccatttagaggaaggagaagtcgtaacaaggtttcc",TRUE,TRUE,TRUE,TRUE,TRUE
"MN00722:141:000H75TFF:1:22103:25329:15792_sub[28..158]","MN00722:141:000H75TFF:1:22103:25329:15792_sub[28..158]",92,85,0.954545454545,"FR865768_sub[1611..1741]",1,"clade","lcs","Ochrophyta",2696291,"1@root@no rank|131567@cellular organisms@no rank|2759@Eukaryota@superkingdom|2698737@Sar@clade|33634@Stramenopiles@clade|2696291@Ochrophyta@clade","cgtcgcacctaccgattgaatgattcggtgaaactttcggaccgtagtggggacgctttcgggcgaccttgctgtgggaagttatttaaacctcatcatttagaggaaggtgaagtcgtaacaaggtttcc",TRUE,TRUE,TRUE,TRUE,TRUE
"MN00722:141:000H75TFF:1:21104:6333:5009_sub[31..163]","MN00722:141:000H75TFF:1:21104:6333:5009_sub[31..163]",90,85,0.96992481203,"KT257375_sub[1635..1767]",1,"phylum","lcs","Oomycota",4762,"1@root@no rank|131567@cellular organisms@no rank|2759@Eukaryota@superkingdom|2698737@Sar@clade|33634@Stramenopiles@clade|4762@Oomycota@phylum","cgtcgcacctaccgattgaatgactcggtgaaaaattgggaccgtggatttgtttgctttattgcgagtgaatttgtgggaactttttttaacctcgccatttagaggaaggtgaagtcgtaacaaggtttcc",TRUE,TRUE,TRUE,TRUE,TRUE
"MN00722:141:000H75TFF:1:23110:19778:20156_sub[30..160]","MN00722:141:000H75TFF:1:23110:19778:20156_sub[30..160]",79,75,1,"KJ631039_sub[1665..1795]",1,"species","lcs","Salpingoeca fusiformis",1536791,"1@root@no rank|131567@cellular organisms@no rank|2759@Eukaryota@superkingdom|33154@Opisthokonta@clade|28009@Choanoflagellata@class|1924738@Craspedida@order|81529@Salpingoecidae@family|86017@Salpingoeca@genus|1536791@Salpingoeca fusiformis@species","cgtcgctactaccgattgaatggtttagtgaggtctcgggactgatgtttacagctgtcaaaggctttgaacgtcgggaacttgctcaaacttgatcatttagaggaagtaaaagtcgtaacaaggtttcc",TRUE,TRUE,TRUE,TRUE,TRUE
"MN00722:141:000H75TFF:1:11105:22887:9767_sub[28..158]","MN00722:141:000H75TFF:1:11105:22887:9767_sub[28..158]",76,75,0.939393939394,"AF123300_sub[1621..1751]",1,"class","lcs","Chrysophyceae",2825,"1@root@no rank|131567@cellular organisms@no rank|2759@Eukaryota@superkingdom|2698737@Sar@clade|33634@Stramenopiles@clade|2696291@Ochrophyta@clade|2825@Chrysophyceae@class","cgtcgcacctaccgattgaatgattcggtgaaactttcggaccgaagcgaagacaccctcgggtgacttcattttgggaagttatttaaacctcatcatttagaggaaggtgaagtcgtaacaaggtttcc",TRUE,TRUE,TRUE,TRUE,TRUE
"MN00722:141:000H75TFF:1:22105:20346:2593_sub[31..163]","MN00722:141:000H75TFF:1:22105:20346:2593_sub[31..163]",73,63,0.912408759124,"AY920764_sub[1617..1751]",4,"kingdom","lcs","Metazoa",33208,"1@root@no rank|131567@cellular organisms@no rank|2759@Eukaryota@superkingdom|33154@Opisthokonta@clade|33208@Metazoa@kingdom","cgtcgctactaccgattgaatggtttagtgaggtcttcggattggcgcctcgcagctggcgacagcagtgggatgccgagaagttgatcaaacttgatcatttagaggaagtaaaagtcgtaacaaggtttcc",TRUE,TRUE,TRUE,TRUE,TRUE
"MN00722:141:000H75TFF:1:23104:22413:4939_sub[30..154]","MN00722:141:000H75TFF:1:23104:22413:4939_sub[30..154]",72,72,0.915384615385,"CP113817_sub[614147..641146]_sub[22915..23042]",1,"phylum","lcs","Apicomplexa",5794,"1@root@no rank|131567@cellular organisms@no rank|2759@Eukaryota@superkingdom|2698737@Sar@clade|33630@Alveolata@clade|5794@Apicomplexa@phylum","cgtcgctcctaccgattgagtgatccggtgaattatttggaccgcgatgtagtggcaacactgcatcatggaaagttttgtaaaccttatcacttagaggaaggagaagtcgtaacaaggtttcc",TRUE,TRUE,TRUE,TRUE,TRUE
"MN00722:141:000H75TFF:1:22106:26839:10855_sub[29..161]","MN00722:141:000H75TFF:1:22106:26839:10855_sub[29..161]",70,69,0.925925925926,"AF232303_sub[1637..1765]",1,"order","lcs","Ichthyophonida",198625,"1@root@no rank|131567@cellular organisms@no rank|2759@Eukaryota@superkingdom|33154@Opisthokonta@clade|127916@Ichthyosporea@class|198625@Ichthyophonida@order","cgtcgctactaccgattgaatggtttagtgaggtcttcggactggtgctcagcaggtggcaacaccagctttgtgccgggaagttgaacaaacttgatcatttagaggaagtaaaagtcgtaacaaggtttcc",TRUE,TRUE,TRUE,TRUE,TRUE
"MN00722:141:000H75TFF:1:13108:17961:7339_sub[29..159]","MN00722:141:000H75TFF:1:13108:17961:7339_sub[29..159]",527,68,0.992366412214,"MCU73228_sub[1637..1767]",1,"species","lcs","Mallomonas caudata",52549,"1@root@no rank|131567@cellular organisms@no rank|2759@Eukaryota@superkingdom|2698737@Sar@clade|33634@Stramenopiles@clade|2696291@Ochrophyta@clade|33859@Synurophyceae@class|420622@Synurales@order|420617@Mallomonadaceae@family|2988@Mallomonas@genus|52549@Mallomonas caudata@species","cgtcgcacctaccgattgaatgattcggtgaaaattccggactgtggcttggtaaccgcgaggtagccttgctgtaggaagttatttaaacctcatcatttagaggaaggagaagtcgtaacaaggtttcc",TRUE,TRUE,TRUE,TRUE,TRUE
"MN00722:141:000H75TFF:1:21109:21642:9491_sub[30..184]","MN00722:141:000H75TFF:1:21109:21642:9491_sub[30..184]",67,66,0.832258064516,"MK075984_sub[1664..1796]",1,"superkingdom","lcs","Eukaryota",2759,"1@root@no rank|131567@cellular organisms@no rank|2759@Eukaryota@superkingdom","cgtcgctactaccgattgaacgttttagtgaggcatttggactgggcctctggcggcgggccgtcctcgcgggcgtctcgcccccaccgcattctgcccgggaagacttccaaacttgagcgtttagaggaagtaaaagtcgtaacaaggtttcc",TRUE,TRUE,TRUE,TRUE,TRUE
"MN00722:141:000H75TFF:1:22109:2695:16312_sub[31..160]","MN00722:141:000H75TFF:1:22109:2695:16312_sub[31..160]",49081,66,0.977099236641,"GU067947_sub[1648..1778]",1,"species","lcs","Eudiaptomus environmental sample",858401,"1@root@no rank|131567@cellular organisms@no rank|2759@Eukaryota@superkingdom|33154@Opisthokonta@clade|33208@Metazoa@kingdom|6072@Eumetazoa@clade|33213@Bilateria@clade|33317@Protostomia@clade|1206794@Ecdysozoa@clade|88770@Panarthropoda@clade|6656@Arthropoda@phylum|197563@Mandibulata@clade|197562@Pancrustacea@clade|6657@Crustacea@subphylum|2172821@Multicrustacea@superclass|72037@Hexanauplia@class|6830@Copepoda@subclass|116569@Neocopepoda@infraclass|116570@Gymnoplea@superorder|6833@Calanoida@order|236535@Diaptomidae@family|251516@Eudiaptomus@genus|858400@environmental samples@no rank|858401@Eudiaptomus environmental sample@species","gtcgctactaccgattgagcgttttagtgaggtcctcggactgttggcctggcggttaacgctgcctcgctagtggaaagacgaccaaactgtagcgcttagaggaagtaaaagtcgtaacaaggtttcc",TRUE,TRUE,TRUE,TRUE,TRUE
"MN00722:141:000H75TFF:1:22110:17858:2159_sub[30..161]","MN00722:141:000H75TFF:1:22110:17858:2159_sub[30..161]",61,43,0.93984962406,"FJ824123_sub[1669..1800]",3,"phylum","lcs","Cercozoa",136419,"1@root@no rank|131567@cellular organisms@no rank|2759@Eukaryota@superkingdom|2698737@Sar@clade|543769@Rhizaria@clade|136419@Cercozoa@phylum","cgtcgctactaccgattgaatggcttagtgagctttctggactgttgcatgcctttggcaacttcggcacgcaaacgggaaggaaatcaaacttgatcatttagaggaagtaaaagtcgtaacaaggtttcc",TRUE,TRUE,TRUE,TRUE,TRUE
"MN00722:141:000H75TFF:1:11105:17610:6231_sub[28..158]","MN00722:141:000H75TFF:1:11105:17610:6231_sub[28..158]",96,58,1,"GQ477050_sub[1582..1712]",8,"genus","lcs","Mychonastes",91354,"1@root@no rank|131567@cellular organisms@no rank|2759@Eukaryota@superkingdom|33090@Viridiplantae@kingdom|3041@Chlorophyta@phylum|2692248@core chlorophytes@clade|3166@Chlorophyceae@class|2812636@CS clade@clade|35491@Sphaeropleales@order|1656245@Mychonastaceae@family|91354@Mychonastes@genus","cgtcgctcctaccgattgggtgtgctggtgaagtgttcggattggcgagaggcggtggcaacactgctttttgccgagaagttcattaaaccctcccacctagaggaaggagaagtcgtaacaaggtttcc",TRUE,TRUE,TRUE,TRUE,TRUE
"MN00722:141:000H75TFF:1:12102:13557:8694_sub[29..193]","MN00722:141:000H75TFF:1:12102:13557:8694_sub[29..193]",2666,29,0.981818181818,"AF014011_sub[2102..2266]",1,"genus","lcs","Daphnia",6668,"1@root@no rank|131567@cellular organisms@no rank|2759@Eukaryota@superkingdom|33154@Opisthokonta@clade|33208@Metazoa@kingdom|6072@Eumetazoa@clade|33213@Bilateria@clade|33317@Protostomia@clade|1206794@Ecdysozoa@clade|88770@Panarthropoda@clade|6656@Arthropoda@phylum|197563@Mandibulata@clade|197562@Pancrustacea@clade|6657@Crustacea@subphylum|6658@Branchiopoda@class|116557@Phyllopoda@subclass|84337@Diplostraca@order|6665@Cladocera@suborder|116561@Anomopoda@infraorder|77658@Daphniidae@family|6668@Daphnia@genus","cgtcgctactaccgattgaatgatttagtgaggccttcggacgggcttgtcggggtgccgtcgagcggggagcaatctctgcccgtgcggcgcctaccaacggcgagactgaaagatggtcgaacttgatcctttagaggaggtaaaagtcgtaacaaggtttcc",TRUE,TRUE,TRUE,TRUE,TRUE
"MN00722:141:000H75TFF:1:11103:1479:15904_sub[28..160]","MN00722:141:000H75TFF:1:11103:1479:15904_sub[28..160]",2143,58,0.984962406015,"HQ827787_sub[89..221]",25,"superkingdom","lcs","Eukaryota",2759,"1@root@no rank|131567@cellular organisms@no rank|2759@Eukaryota@superkingdom","cgtcgctactaccgattgaatggctcagtgaggctttgggactggctcaggagggttggcaacgaccccccagagccggaaagttggtcaaactcggtcatttagaggaagtaaaagtcgtaacaaggtttcc",TRUE,TRUE,TRUE,TRUE,TRUE
"MN00722:141:000H75TFF:1:21108:12362:12750_sub[31..165]","MN00722:141:000H75TFF:1:21108:12362:12750_sub[31..165]",54,54,1,"AY191449_sub[371..505]",2,"order","lcs","Podocopida",84318,"1@root@no rank|131567@cellular organisms@no rank|2759@Eukaryota@superkingdom|33154@Opisthokonta@clade|33208@Metazoa@kingdom|6072@Eumetazoa@clade|33213@Bilateria@clade|33317@Protostomia@clade|1206794@Ecdysozoa@clade|88770@Panarthropoda@clade|6656@Arthropoda@phylum|197563@Mandibulata@clade|197562@Pancrustacea@clade|6657@Crustacea@subphylum|2172819@Oligostraca@superclass|6670@Ostracoda@class|43953@Podocopa@subclass|84318@Podocopida@order","cgtcgctactaccgattgaatgatttagtgaggacttcggactgagtccaatgcggctttcgggctgcgttggtatttcggaaagatgtccaaactgtatcatttagaggaagtaaaagtcgtaacaaggtttcc",TRUE,TRUE,TRUE,TRUE,TRUE
"MN00722:141:000H75TFF:1:23107:21639:5853_sub[30..162]","MN00722:141:000H75TFF:1:23107:21639:5853_sub[30..162]",53,53,0.925373134328,"MT730658_sub[1619..1751]",4,"order","lcs","Chytridiales",4810,"1@root@no rank|131567@cellular organisms@no rank|2759@Eukaryota@superkingdom|33154@Opisthokonta@clade|4751@Fungi@kingdom|112252@Fungi incertae sedis@no rank|4761@Chytridiomycota@phylum|2683659@Chytridiomycota incertae sedis@no rank|451435@Chytridiomycetes@class|4810@Chytridiales@order","cgtcgctactaccgattgaatggcttagtgagacctccggattggcgactctcgggcggcaacgctcgatttttgctgagaagctggtcaaacttggtcatttagaggaagtaaaagtcgtaacaaggtaacc",TRUE,TRUE,TRUE,TRUE,TRUE
"MN00722:141:000H75TFF:1:22102:1231:5880_sub[29..193]","MN00722:141:000H75TFF:1:22102:1231:5880_sub[29..193]",2666,25,0.981818181818,"AF014011_sub[2102..2266]",1,"genus","lcs","Daphnia",6668,"1@root@no rank|131567@cellular organisms@no rank|2759@Eukaryota@superkingdom|33154@Opisthokonta@clade|33208@Metazoa@kingdom|6072@Eumetazoa@clade|33213@Bilateria@clade|33317@Protostomia@clade|1206794@Ecdysozoa@clade|88770@Panarthropoda@clade|6656@Arthropoda@phylum|197563@Mandibulata@clade|197562@Pancrustacea@clade|6657@Crustacea@subphylum|6658@Branchiopoda@class|116557@Phyllopoda@subclass|84337@Diplostraca@order|6665@Cladocera@suborder|116561@Anomopoda@infraorder|77658@Daphniidae@family|6668@Daphnia@genus","cgtcgctactaccgattgaatgatttagtgaggccttcggacgggcttgtcggggtgccgtcgagcggggagcaatctctgcccgcgcggcgcctaccaacggcgagactgaaagatggtcgaacttgatcctttagaggaagtaaaagtcgtaacaaggtttcc",TRUE,TRUE,TRUE,TRUE,TRUE
"MN00722:141:000H75TFF:1:21102:7355:15431_sub[29..159]","MN00722:141:000H75TFF:1:21102:7355:15431_sub[29..159]",50,50,0.917910447761,"CMIRRNAA_sub[1626..1756]",1,"class","lcs","Chrysophyceae",2825,"1@root@no rank|131567@cellular organisms@no rank|2759@Eukaryota@superkingdom|2698737@Sar@clade|33634@Stramenopiles@clade|2696291@Ochrophyta@clade|2825@Chrysophyceae@class","cgtcgcacctaccgattgaatgattcggtgaaactttcagactgagacaaaaataccctcgggtaattttgattcgggaagttatttaaacctaatcatttagaggaaggtgaagtcgtaacaaggtttcc",TRUE,TRUE,TRUE,TRUE,TRUE
"MN00722:141:000H75TFF:1:23102:26118:1257_sub[31..145]","MN00722:141:000H75TFF:1:23102:26118:1257_sub[31..145]",48,47,0.869230769231,"HF952565_sub[1441..1570]",1,"order","lcs","Pyrenomonadales",589342,"1@root@no rank|131567@cellular organisms@no rank|2759@Eukaryota@superkingdom|3027@Cryptophyceae@class|589342@Pyrenomonadales@order","cgtcgctactaccgattgaatggcttagtgagaccttgggaaagatggctttggctgttttaaacttggtcaaacttggtcatttagaggaagtaaaagtcgtaacaaggtttcc",TRUE,TRUE,TRUE,TRUE,TRUE
"MN00722:141:000H75TFF:1:13110:21571:16741_sub[29..159]","MN00722:141:000H75TFF:1:13110:21571:16741_sub[29..159]",48,43,0.860294117647,"EF465485_sub[1646..1776]",12,"superkingdom","lcs","Eukaryota",2759,"1@root@no rank|131567@cellular organisms@no rank|2759@Eukaryota@superkingdom","cgtcgctcctaccgattggatgttccggtgaaatcttgggattgcgatagcttagcttcacggccaggttgttgcgagaacttgcttaaaccttaacatttagaggaaggagaagtcgtaacaaggtttcc",TRUE,TRUE,TRUE,TRUE,TRUE
"MN00722:141:000H75TFF:1:22109:17740:10670_sub[30..158]","MN00722:141:000H75TFF:1:22109:17740:10670_sub[30..158]",16039,47,0.896296296296,"FN562442_sub[1625..1759]",2,"superkingdom","lcs","Eukaryota",2759,"1@root@no rank|131567@cellular organisms@no rank|2759@Eukaryota@superkingdom","cgtcgctcctaccgattgaatgatccggtgaaatctttggactgcggctgaggcggttcgccgtcgatgctgcgggaagttgattaaaccttatcatttagaggaaggagaagtcgtaacaaggtttcc",TRUE,TRUE,TRUE,TRUE,TRUE
"MN00722:141:000H75TFF:1:22106:23616:17862_sub[28..159]","MN00722:141:000H75TFF:1:22106:23616:17862_sub[28..159]",47,47,0.977272727273,"HF952565_sub[1441..1570]",1,"order","lcs","Pyrenomonadales",589342,"1@root@no rank|131567@cellular organisms@no rank|2759@Eukaryota@superkingdom|3027@Cryptophyceae@class|589342@Pyrenomonadales@order","cgtcgctcctaccgattgaatgttccggtgagctctctggagtactggtctctgttagtaataactttgactatggacgaagttgcgcaaaccttaacatttagaggaaggagaagtcgtaacaaggtttcc",TRUE,TRUE,TRUE,TRUE,TRUE
"MN00722:141:000H75TFF:1:22103:6744:7236_sub[30..156]","MN00722:141:000H75TFF:1:22103:6744:7236_sub[30..156]",45,45,0.885496183206,"HF952565_sub[1441..1570]",1,"order","lcs","Pyrenomonadales",589342,"1@root@no rank|131567@cellular organisms@no rank|2759@Eukaryota@superkingdom|3027@Cryptophyceae@class|589342@Pyrenomonadales@order","cgtcgttgctactgatggtatgatgacagaggatgaaggaggtggccatgccttctcatgggttagtgatgcttaattcgttcaatgttgtcatgctagaagaagcaaaagtcgtaacaaggttgct",TRUE,TRUE,TRUE,TRUE,TRUE
"MN00722:141:000H75TFF:1:13106:26116:19976_sub[29..159]","MN00722:141:000H75TFF:1:13106:26116:19976_sub[29..159]",43,34,0.882352941176,"AJ418792_sub[1660..1793]",1,"species","lcs","Trinema enchelys",178372,"1@root@no rank|131567@cellular organisms@no rank|2759@Eukaryota@superkingdom|2698737@Sar@clade|543769@Rhizaria@clade|136419@Cercozoa@phylum|1736114@Imbricatea@class|556185@Silicofilosea@clade|178369@Euglyphida@order|178370@Trinematidae@family|178371@Trinema@genus|178372@Trinema enchelys@species","cgtcgctgctaccgattggatggtttagtgaggtccacggactgctgcagttgatggttcgccatcttctgcgttaggaagtgggacaaacttgatcatctagaggaagcaaaagtcgtaacaaggtttcc",TRUE,TRUE,TRUE,TRUE,TRUE
"MN00722:141:000H75TFF:1:13107:22154:17648_sub[30..194]","MN00722:141:000H75TFF:1:13107:22154:17648_sub[30..194]",42,42,0.94578313253,"CDNRREL_sub[2053..2215]",1,"species","lcs","Ceriodaphnia dubia",117530,"1@root@no rank|131567@cellular organisms@no rank|2759@Eukaryota@superkingdom|33154@Opisthokonta@clade|33208@Metazoa@kingdom|6072@Eumetazoa@clade|33213@Bilateria@clade|33317@Protostomia@clade|1206794@Ecdysozoa@clade|88770@Panarthropoda@clade|6656@Arthropoda@phylum|197563@Mandibulata@clade|197562@Pancrustacea@clade|6657@Crustacea@subphylum|6658@Branchiopoda@class|116557@Phyllopoda@subclass|84337@Diplostraca@order|6665@Cladocera@suborder|116561@Anomopoda@infraorder|77658@Daphniidae@family|77671@Ceriodaphnia@genus|117530@Ceriodaphnia dubia@species","cgtcgctactaccgattgaatgatttagtgaggccttcggacgggcttgtcggggtgccggcgcgtggggagcaatctctgcgttgtcggtcctaactaacggcgagactgaaagatgttcaaacttgatcctttagaggaagtaaaagtcgtaacaaggtttcc",TRUE,TRUE,TRUE,TRUE,TRUE
"MN00722:141:000H75TFF:1:12101:11887:14785_sub[30..164]","MN00722:141:000H75TFF:1:12101:11887:14785_sub[30..164]",66,39,0.985185185185,"GU067829_sub[1638..1772]",2,"superkingdom","lcs","Eukaryota",2759,"1@root@no rank|131567@cellular organisms@no rank|2759@Eukaryota@superkingdom","cgtcgctactaccgattgaatggtttagtgagatcttcggattagtccggaggtggccgcaaggttgcctctaggttctgagaagatgatcaaacttgatcatttagaggaagtaaaagtcgtaacaaggtttcc",TRUE,TRUE,TRUE,TRUE,TRUE
"MN00722:141:000H75TFF:1:22102:13917:14477_sub[30..148]","MN00722:141:000H75TFF:1:22102:13917:14477_sub[30..148]",38,18,0.983193277311,"EF158848_sub[1622..1740]",3,"order","lcs","Philasterida",198613,"1@root@no rank|131567@cellular organisms@no rank|2759@Eukaryota@superkingdom|2698737@Sar@clade|33630@Alveolata@clade|5878@Ciliophora@phylum|431838@Intramacronucleata@subphylum|6020@Oligohymenophorea@class|35094@Scuticociliatia@subclass|198613@Philasterida@order","cgtcgctcctaccgatttcgagtgatccggtgaaccttctggactgagcacgcttgcgtgagcgggaagttaagtaaaccttatcacttagaggaaggagaagtcgtaacaaggtttcc",TRUE,TRUE,TRUE,TRUE,TRUE
"MN00722:141:000H75TFF:1:12103:5478:8750_sub[29..159]","MN00722:141:000H75TFF:1:12103:5478:8750_sub[29..159]",38,36,0.954198473282,"KF751925_sub[1594..1723]",1,"genus","lcs","Peridinium",2867,"1@root@no rank|131567@cellular organisms@no rank|2759@Eukaryota@superkingdom|2698737@Sar@clade|33630@Alveolata@clade|2864@Dinophyceae@class|2910@Peridiniales@order|66803@Peridiniaceae@family|2867@Peridinium@genus","cgtcgctcctactgattgagtgatccggtgaataattcagagtgcagcagtgttcagctcctgaatgctggagcataaagttttgttcaccttaccgacttagaggaaggagaagtcgtaacaaggtttcc",TRUE,TRUE,TRUE,TRUE,TRUE
"MN00722:141:000H75TFF:1:23102:15519:12822_sub[30..160]","MN00722:141:000H75TFF:1:23102:15519:12822_sub[30..160]",96,33,1,"GQ477053_sub[1582..1712]",6,"genus","lcs","Mychonastes",91354,"1@root@no rank|131567@cellular organisms@no rank|2759@Eukaryota@superkingdom|33090@Viridiplantae@kingdom|3041@Chlorophyta@phylum|2692248@core chlorophytes@clade|3166@Chlorophyceae@class|2812636@CS clade@clade|35491@Sphaeropleales@order|1656245@Mychonastaceae@family|91354@Mychonastes@genus","cgtcgctcctaccgattgggtgtgctggtgaagtgttcggattggcgagaggcggtggcaacactgcttcctgccgagaagttcattaaaccctcccacctagaggaaggagaagtcgtaacaaggtttcc",TRUE,TRUE,TRUE,TRUE,TRUE
"MN00722:141:000H75TFF:1:22104:11791:5202_sub[29..157]","MN00722:141:000H75TFF:1:22104:11791:5202_sub[29..157]",37,14,0.992248062016,"MT796597_sub[1645..1773]",1,"species","lcs","Volvox aureus",47287,"1@root@no rank|131567@cellular organisms@no rank|2759@Eukaryota@superkingdom|33090@Viridiplantae@kingdom|3041@Chlorophyta@phylum|2692248@core chlorophytes@clade|3166@Chlorophyceae@class|2812636@CS clade@clade|3042@Chlamydomonadales@order|3065@Volvocaceae@family|3066@Volvox@genus|47287@Volvox aureus@species","cgtcgctcctgccgattgggtgtgctggtgaagtgttcggattgatcttggctggggcaacccggcctcggttgaaaagttcattgaaccctcccacctagaggaaggagaagtcgtaacaaggtttcc",TRUE,TRUE,TRUE,TRUE,TRUE
"MN00722:141:000H75TFF:1:12106:11720:2085_sub[29..161]","MN00722:141:000H75TFF:1:12106:11720:2085_sub[29..161]",36,29,0.932835820896,"MT730806_sub[1616..1748]",1,"species","lcs","Phlyctochytrium bullatum",1352834,"1@root@no rank|131567@cellular organisms@no rank|2759@Eukaryota@superkingdom|33154@Opisthokonta@clade|4751@Fungi@kingdom|112252@Fungi incertae sedis@no rank|4761@Chytridiomycota@phylum|2683659@Chytridiomycota incertae sedis@no rank|451435@Chytridiomycetes@class|4810@Chytridiales@order|4812@Chytridiaceae@family|4819@Phlyctochytrium@genus|1352834@Phlyctochytrium bullatum@species","cgtcgctactaccgattgaatggcttagtgagacctccggattggcagtttctgagccgcaaggcttggagattgctgaaaagttggtcaaacttggtcatttagaggaagtaaaagtcgtaacaaggtaacc",TRUE,TRUE,TRUE,TRUE,TRUE
"MN00722:141:000H75TFF:1:22106:1976:9133_sub[31..160]","MN00722:141:000H75TFF:1:22106:1976:9133_sub[31..160]",50,35,0.992307692308,"GU067889_sub[1611..1740]",2,"class","lcs","Cryptophyceae",3027,"1@root@no rank|131567@cellular organisms@no rank|2759@Eukaryota@superkingdom|3027@Cryptophyceae@class","cgtcgctcctaccgattgaatgatccggtgaaatcttcggattgctgggtaggtttcgcaagttacctatctgcgagaagttgcttgaaccttatcatttagaggaaggagaagtcgtaacaaggtttcc",TRUE,TRUE,TRUE,TRUE,TRUE
"MN00722:141:000H75TFF:1:21110:3185:18570_sub[31..159]","MN00722:141:000H75TFF:1:21110:3185:18570_sub[31..159]",34,31,0.923076923077,"AB639343_sub[1650..1779]",20,"superkingdom","lcs","Eukaryota",2759,"1@root@no rank|131567@cellular organisms@no rank|2759@Eukaryota@superkingdom","cgtcgctcctaccgattgagtgatccggtaaataatttggactgcagcattgttcaggtgctgacattgcagtagaaagtctagtgaaccttatcactgagaggaaggagaagtcgtaacaaggtttcc",TRUE,TRUE,TRUE,TRUE,TRUE
"MN00722:141:000H75TFF:1:21105:26726:19166_sub[28..155]","MN00722:141:000H75TFF:1:21105:26726:19166_sub[28..155]",33,33,0.861538461538,"AY425014_sub[1865..1990]",1,"species","lcs","Rhynchopus sp. ATCC 50229",259041,"1@root@no rank|131567@cellular organisms@no rank|2759@Eukaryota@superkingdom|2611352@Discoba@clade|33682@Euglenozoa@phylum|191814@Diplonemea@class|2603949@Diplonemidae@family|160598@Rhynchopus@genus|2643513@unclassified Rhynchopus@no rank|259041@Rhynchopus sp. ATCC 50229@species","cgtcgttgctaccgattggctgtgggatagagtttgggggaggaggcgatcccggcttgccgggtgagcttaccgattccaaacaatatttctcagctagaggaagcaaaagtcgtaacaaggttgct",TRUE,TRUE,TRUE,TRUE,TRUE
"MN00722:141:000H75TFF:1:23106:21803:16941_sub[28..158]","MN00722:141:000H75TFF:1:23106:21803:16941_sub[28..158]",32,12,0.93893129771,"OM688867_sub[1621..1751]",1,"family","lcs","Chromulinaceae",98651,"1@root@no rank|131567@cellular organisms@no rank|2759@Eukaryota@superkingdom|2698737@Sar@clade|33634@Stramenopiles@clade|2696291@Ochrophyta@clade|2825@Chrysophyceae@class|96792@Chromulinales@order|98651@Chromulinaceae@family","cgtcgcacctaccgattgaatggttcggtgaaaatttcggaccgtggttaggatgccctcgggcaacttggccgtgggaagttgtttaaacctcatcatttagaggaaggtgaagtcgtaacaaggtttcc",TRUE,TRUE,TRUE,TRUE,TRUE
"MN00722:141:000H75TFF:1:22110:21222:13671_sub[30..158]","MN00722:141:000H75TFF:1:22110:21222:13671_sub[30..158]",16039,32,0.896296296296,"FN562442_sub[1625..1759]",1,"superkingdom","lcs","Eukaryota",2759,"1@root@no rank|131567@cellular organisms@no rank|2759@Eukaryota@superkingdom","cgtcgctcctaccgattgaatgacccggtgaaatcttcggactgcggctgaggcggttcgccgtcgattttgcgggaagttgattaaaccttatcatttagaggaaggagaagtcgtaacaaggtttcc",TRUE,TRUE,TRUE,TRUE,TRUE
"MN00722:141:000H75TFF:1:11104:26011:10723_sub[29..158]","MN00722:141:000H75TFF:1:11104:26011:10723_sub[29..158]",32,3,0.916030534351,"AB232669_sub[1631..1760]",1,"class","lcs","Dinophyceae",2864,"1@root@no rank|131567@cellular organisms@no rank|2759@Eukaryota@superkingdom|2698737@Sar@clade|33630@Alveolata@clade|2864@Dinophyceae@class","cgtcgctcctactgactgagtgatccgctgaataattcagagtgcagcaacacttggctcttgagcgctgcagcataaagatttgtgaaccttatcacttagaggaaggaaaactcgtaacaaggtttct",TRUE,TRUE,TRUE,TRUE,TRUE
"MN00722:141:000H75TFF:1:11108:8543:4340_sub[30..157]","MN00722:141:000H75TFF:1:11108:8543:4340_sub[30..157]",31,31,0.908396946565,"CP113817_sub[614147..641146]_sub[22915..23042]",1,"phylum","lcs","Apicomplexa",5794,"1@root@no rank|131567@cellular organisms@no rank|2759@Eukaryota@superkingdom|2698737@Sar@clade|33630@Alveolata@clade|5794@Apicomplexa@phylum","cgtcgctcctaccgattgagtgatccggtgaataattcggaccgtgcttgagacagtttctgtttcattcgtgggaagtttagtgaaccttatcacttagaggaaggagaagtcgtaacaaggtttcc",TRUE,TRUE,TRUE,TRUE,TRUE
"MN00722:141:000H75TFF:1:12106:7300:6545_sub[29..156]","MN00722:141:000H75TFF:1:12106:7300:6545_sub[29..156]",30,30,0.984615384615,"HF952565_sub[1441..1570]",1,"order","lcs","Pyrenomonadales",589342,"1@root@no rank|131567@cellular organisms@no rank|2759@Eukaryota@superkingdom|3027@Cryptophyceae@class|589342@Pyrenomonadales@order","cgtcgctcctaccgattgaatgatccggtgaaatctcgggacttggggttattgcgcgagcaacatactttggggaacttgcttaaaccttatcatttagaggaaggagaagtcgtaacaaggtttcc",TRUE,TRUE,TRUE,TRUE,TRUE
"MN00722:141:000H75TFF:1:12105:22788:8674_sub[28..162]","MN00722:141:000H75TFF:1:12105:22788:8674_sub[28..162]",28,27,0.955555555556,"KY859765_sub[1647..1781]",1,"superkingdom","lcs","Eukaryota",2759,"1@root@no rank|131567@cellular organisms@no rank|2759@Eukaryota@superkingdom","cgtcgctactaccgattgaatggtttagtgagatcctcggattgattcggaggtggccgcaaggttgcctctagttttcgagaagacgatcaaacttgatcatttagaggaagtaaaagtcgtaacaaggtttcc",TRUE,TRUE,TRUE,TRUE,TRUE
"MN00722:141:000H75TFF:1:21104:13192:18501_sub[30..161]","MN00722:141:000H75TFF:1:21104:13192:18501_sub[30..161]",159,9,0.969696969697,"HQ121430_sub[1571..1702]",1,"genus","lcs","Rhogostoma",981201,"1@root@no rank|131567@cellular organisms@no rank|2759@Eukaryota@superkingdom|2698737@Sar@clade|543769@Rhizaria@clade|136419@Cercozoa@phylum|1004930@Thecofilosea@class|589444@Cryomonadida@order|2004844@Rhogostomidae@family|981201@Rhogostoma@genus","cgtcgctactaccgattgaatggcttagtgagctctctggactgttgcgtgttaggggcaactttgacacgcaaatgggaaggagatcaaacttgatcatttagaggaggtaaaagtcgtaacaaggtttcc",TRUE,TRUE,TRUE,TRUE,TRUE
"MN00722:141:000H75TFF:1:21102:24472:14740_sub[30..156]","MN00722:141:000H75TFF:1:21102:24472:14740_sub[30..156]",26,26,0.873134328358,"HQ918169_sub[1603..1736]",1,"phylum","lcs","Cercozoa",136419,"1@root@no rank|131567@cellular organisms@no rank|2759@Eukaryota@superkingdom|2698737@Sar@clade|543769@Rhizaria@clade|136419@Cercozoa@phylum","cgtcgctactaccgattgaatgaattagtgagctccagagatcgagctgctccgggcaaccgaagtagtttgagaactggatcaaacttgctcatttagaggaagtaaaagtcgtaacaaggtttcc",TRUE,TRUE,TRUE,TRUE,TRUE
"MN00722:141:000H75TFF:1:21103:4351:7191_sub[29..164]","MN00722:141:000H75TFF:1:21103:4351:7191_sub[29..164]",488,25,0.985294117647,"AM490275_sub[1920..2055]",1,"species","lcs","Bosmina longirostris",27403,"1@root@no rank|131567@cellular organisms@no rank|2759@Eukaryota@superkingdom|33154@Opisthokonta@clade|33208@Metazoa@kingdom|6072@Eumetazoa@clade|33213@Bilateria@clade|33317@Protostomia@clade|1206794@Ecdysozoa@clade|88770@Panarthropoda@clade|6656@Arthropoda@phylum|197563@Mandibulata@clade|197562@Pancrustacea@clade|6657@Crustacea@subphylum|6658@Branchiopoda@class|116557@Phyllopoda@subclass|84337@Diplostraca@order|6665@Cladocera@suborder|116561@Anomopoda@infraorder|27401@Bosminidae@family|27402@Bosmina@genus|27403@Bosmina longirostris@species","cgtcgctactaccgattgaatgatttagtgagaacttcagacggctatgtttgtccggggcaacccgcgtcgagcagagctgaaagatgttcaaacttgatcctttagaggaagtaaaagtcgtaacaaggtttcc",TRUE,TRUE,TRUE,TRUE,TRUE
"MN00722:141:000H75TFF:1:21105:6588:2067_sub[29..167]","MN00722:141:000H75TFF:1:21105:6588:2067_sub[29..167]",58,14,0.858156028369,"DW643761_sub[645..781]",2,"clade","lcs","Bilateria",33213,"1@root@no rank|131567@cellular organisms@no rank|2759@Eukaryota@superkingdom|33154@Opisthokonta@clade|33208@Metazoa@kingdom|6072@Eumetazoa@clade|33213@Bilateria@clade","cgtcgctactaccgattgaatgatttagtgagagctccggacggctaggtggggtgagcctctcggggctcgcctcgcccggctgaaagttgctcaaacttgatcctttagaggaagtaaaagtcgtaacaaggtttcc",TRUE,TRUE,TRUE,TRUE,TRUE
"MN00722:141:000H75TFF:1:13102:16561:11068_sub[29..163]","MN00722:141:000H75TFF:1:13102:16561:11068_sub[29..163]",50,24,0.955555555556,"KP730494_sub[1572..1706]",1,"species","lcs","Microstomum schultei",2971496,"1@root@no rank|131567@cellular organisms@no rank|2759@Eukaryota@superkingdom|33154@Opisthokonta@clade|33208@Metazoa@kingdom|6072@Eumetazoa@clade|33213@Bilateria@clade|33317@Protostomia@clade|2697495@Spiralia@clade|1206795@Lophotrochozoa@clade|6157@Platyhelminthes@phylum|147100@Rhabditophora@class|166235@Macrostomorpha@clade|39215@Macrostomida@order|52055@Microstomidae@family|52056@Microstomum@genus|2971496@Microstomum schultei@species","cgtcgctactaccgattgaatgttctggtgaaatcatcagagtggtgccgatggggtggtctccactccattggaaactgcaaagacgcttaaacctgagcatttagaggaagtaaaagtcgtaacaaggtttct",TRUE,TRUE,TRUE,TRUE,TRUE
"MN00722:141:000H75TFF:1:22106:13380:9486_sub[29..159]","MN00722:141:000H75TFF:1:22106:13380:9486_sub[29..159]",26,26,0.961832061069,"HF952565_sub[1441..1570]",1,"order","lcs","Pyrenomonadales",589342,"1@root@no rank|131567@cellular organisms@no rank|2759@Eukaryota@superkingdom|3027@Cryptophyceae@class|589342@Pyrenomonadales@order","cgtcgctgctaccgattgaatggcttagtgagctccagggactggcgaaagagttcggtcaaacggctcctagctgggaactgtatcaaacttgatcatttagaggaagcaaaagtcgtaacaaggtttcc",TRUE,TRUE,TRUE,TRUE,TRUE
"MN00722:141:000H75TFF:1:11107:5460:3150_sub[29..159]","MN00722:141:000H75TFF:1:11107:5460:3150_sub[29..159]",527,24,0.992366412214,"MCU73228_sub[1637..1767]",1,"species","lcs","Mallomonas caudata",52549,"1@root@no rank|131567@cellular organisms@no rank|2759@Eukaryota@superkingdom|2698737@Sar@clade|33634@Stramenopiles@clade|2696291@Ochrophyta@clade|33859@Synurophyceae@class|420622@Synurales@order|420617@Mallomonadaceae@family|2988@Mallomonas@genus|52549@Mallomonas caudata@species","cgtcgcacctaccgattgaatgattcggtgagaattccggactgtggcttggtaaccgcgaggtagccttgctgtaggaagttatttaaacctcatcatttagaggaaggtgaagtcgtaacaaggtttcc",TRUE,TRUE,TRUE,TRUE,TRUE
"MN00722:141:000H75TFF:1:11102:18709:17569_sub[30..160]","MN00722:141:000H75TFF:1:11102:18709:17569_sub[30..160]",527,21,0.992366412214,"MCU73228_sub[1637..1767]",1,"species","lcs","Mallomonas caudata",52549,"1@root@no rank|131567@cellular organisms@no rank|2759@Eukaryota@superkingdom|2698737@Sar@clade|33634@Stramenopiles@clade|2696291@Ochrophyta@clade|33859@Synurophyceae@class|420622@Synurales@order|420617@Mallomonadaceae@family|2988@Mallomonas@genus|52549@Mallomonas caudata@species","cgtcgcacctaccgattgaatggttcggtgaaaattccggactgtggcttggtaaccgcgaggtagccttgctgtaggaagttatttaaacctcatcatttagaggaaggtgaagtcgtaacaaggtttcc",TRUE,TRUE,TRUE,TRUE,TRUE
"MN00722:141:000H75TFF:1:22106:1599:10740_sub[28..160]","MN00722:141:000H75TFF:1:22106:1599:10740_sub[28..160]",25,23,0.932835820896,"MT731008_sub[1622..1754]",2,"order","lcs","Rhizophydiales",451442,"1@root@no rank|131567@cellular organisms@no rank|2759@Eukaryota@superkingdom|33154@Opisthokonta@clade|4751@Fungi@kingdom|112252@Fungi incertae sedis@no rank|4761@Chytridiomycota@phylum|2683659@Chytridiomycota incertae sedis@no rank|451435@Chytridiomycetes@class|451442@Rhizophydiales@order","cgtcgctagtaccgattgaatggcttagtgagacctccggattgacggtttgttggtggcaacaccttttaactgttgagaagttggtcaaacttggtcatttagaggaactaaaagtcgtaacaaggtaacc",TRUE,TRUE,TRUE,TRUE,TRUE
"MN00722:141:000H75TFF:1:11102:15289:19516_sub[29..164]","MN00722:141:000H75TFF:1:11102:15289:19516_sub[29..164]",25,25,0.927536231884,"KY857824_sub[1652..1784]",1,"species","lcs","Chlamydaster sterni",193542,"1@root@no rank|131567@cellular organisms@no rank|2759@Eukaryota@superkingdom|2608109@Haptista@clade|193537@Centroplasthelida@class|2607628@Pterocystida@order|2605919@Pterista@clade|2605917@Pterocystidae@family|193541@Chlamydaster@genus|193542@Chlamydaster sterni@species","cgtcgctcctaccgattgaatggtccggtgagaacgtcggatcacgcgtatggatactggcttgctagtaacctatgtgagagaagttgttcaaaccttaccatttagaggaaggagaagtcgtaacaaggtttcc",TRUE,TRUE,TRUE,TRUE,TRUE
"MN00722:141:000H75TFF:1:22103:3162:2596_sub[28..192]","MN00722:141:000H75TFF:1:22103:3162:2596_sub[28..192]",2666,24,0.975757575758,"GR506018_sub[101..265]",3,"genus","lcs","Daphnia",6668,"1@root@no rank|131567@cellular organisms@no rank|2759@Eukaryota@superkingdom|33154@Opisthokonta@clade|33208@Metazoa@kingdom|6072@Eumetazoa@clade|33213@Bilateria@clade|33317@Protostomia@clade|1206794@Ecdysozoa@clade|88770@Panarthropoda@clade|6656@Arthropoda@phylum|197563@Mandibulata@clade|197562@Pancrustacea@clade|6657@Crustacea@subphylum|6658@Branchiopoda@class|116557@Phyllopoda@subclass|84337@Diplostraca@order|6665@Cladocera@suborder|116561@Anomopoda@infraorder|77658@Daphniidae@family|6668@Daphnia@genus","cgtcgctactaccgattgaatgatttagtgaggccttcggacgggcttgtcggggtgccgtcgagcggggagcaatctctgctcgcgcggtgcctaccaacggcgagactgaaagatggtcgaacttgatcctttagaggaggtaaaagtcgtaacaaggtttcc",TRUE,TRUE,TRUE,TRUE,TRUE
"MN00722:141:000H75TFF:1:12109:20556:16821_sub[29..152]","MN00722:141:000H75TFF:1:12109:20556:16821_sub[29..152]",24,22,1,"MT253688_sub[1599..1722]",1,"species","lcs","Nolandia nolandi",394500,"1@root@no rank|131567@cellular organisms@no rank|2759@Eukaryota@superkingdom|2698737@Sar@clade|33630@Alveolata@clade|5878@Ciliophora@phylum|431838@Intramacronucleata@subphylum|6000@Prostomatea@class|6001@Prorodontida@order|6002@Colepidae@family|693630@Nolandia@genus|394500@Nolandia nolandi@species","cgtcgctcctaccgatttcgagtgatccggtgaaccttctggactgctttgttctttaaggccagagcgggaagttaagtaaaccttatcacttagaggaaggagaagtcgtaacaaggtttcc",TRUE,TRUE,TRUE,TRUE,TRUE
"MN00722:141:000H75TFF:1:13108:17461:7879_sub[28..134]","MN00722:141:000H75TFF:1:13108:17461:7879_sub[28..134]",23,22,0.833333333333,"CP046682_sub[12630047..12657046]_sub[26269..26369]",1,"clade","lcs","Embryophyta",3193,"1@root@no rank|131567@cellular organisms@no rank|2759@Eukaryota@superkingdom|33090@Viridiplantae@kingdom|35493@Streptophyta@phylum|131221@Streptophytina@subphylum|3193@Embryophyta@clade","cgtcgctattaccgattgagtgctaaggtgaaccttctcgatagtgtaaactaaaaattaagtaaaccttagtacttagaggaaataaaagtcgtaacaaggtttcc",TRUE,TRUE,TRUE,TRUE,TRUE
"MN00722:141:000H75TFF:1:22101:20371:4718_sub[28..154]","MN00722:141:000H75TFF:1:22101:20371:4718_sub[28..154]",23,22,0.906976744186,"CP113817_sub[614147..641146]_sub[22915..23042]",1,"phylum","lcs","Apicomplexa",5794,"1@root@no rank|131567@cellular organisms@no rank|2759@Eukaryota@superkingdom|2698737@Sar@clade|33630@Alveolata@clade|5794@Apicomplexa@phylum","cgtcgctcctaccgattgaatgatccggtgaattatttggaccgcggcgttgggggtctcctcgatgccatggaaagtcttgtaaaccttatcatttagaggaaggagaagtcgtaacaaggtttcc",TRUE,TRUE,TRUE,TRUE,TRUE
"MN00722:141:000H75TFF:1:13107:14280:19265_sub[30..160]","MN00722:141:000H75TFF:1:13107:14280:19265_sub[30..160]",22,22,0.888059701493,"AF044846_sub[1051..1181]",1,"clade","lcs","Ochrophyta",2696291,"1@root@no rank|131567@cellular organisms@no rank|2759@Eukaryota@superkingdom|2698737@Sar@clade|33634@Stramenopiles@clade|2696291@Ochrophyta@clade","cgtcgcacctaccgattgaatgattcggtgaaggcctcggactgggccgcagccccttcacgggggcggcgctctgggaagtcgtctaaacctcatcatttagaggaaggtgaagtcgtaacaaggtttcc",TRUE,TRUE,TRUE,TRUE,TRUE
"MN00722:141:000H75TFF:1:11108:15699:13239_sub[29..167]","MN00722:141:000H75TFF:1:11108:15699:13239_sub[29..167]",58,21,0.858156028369,"ES499873_sub[224..360]",2,"clade","lcs","Bilateria",33213,"1@root@no rank|131567@cellular organisms@no rank|2759@Eukaryota@superkingdom|33154@Opisthokonta@clade|33208@Metazoa@kingdom|6072@Eumetazoa@clade|33213@Bilateria@clade","cgtcgctactaccgattgaatgatttagtgagagctccggacggctaggtggggtgagcctctcggggctcgcctcgcccggctgaaagttgttcaaacttgatcctttagaggaggtaaaagtcgtaacaaggtttcc",TRUE,TRUE,TRUE,TRUE,TRUE
"MN00722:141:000H75TFF:1:12106:6863:4366_sub[29..164]","MN00722:141:000H75TFF:1:12106:6863:4366_sub[29..164]",22,22,0.992647058824,"GS828391_sub[35..170]",3,"superkingdom","lcs","Eukaryota",2759,"1@root@no rank|131567@cellular organisms@no rank|2759@Eukaryota@superkingdom","cgtcgctactactgattgaatgaattagtgaggtcttcggactggcctgtgctggctgtttcggcagctgcacatggctcgggaagatgcccaaacttgttcatttagaagaagtaaaagtcgtaacaaggtttcc",TRUE,TRUE,TRUE,TRUE,TRUE
"MN00722:141:000H75TFF:1:11110:5455:10113_sub[29..166]","MN00722:141:000H75TFF:1:11110:5455:10113_sub[29..166]",22,7,0.863309352518,"HF952565_sub[1441..1570]",1,"order","lcs","Pyrenomonadales",589342,"1@root@no rank|131567@cellular organisms@no rank|2759@Eukaryota@superkingdom|3027@Cryptophyceae@class|589342@Pyrenomonadales@order","cgtcgttgctaccgatgggagctggatagagtcctcctgaggcaaagcttgtgctggtgggcaactgttggccatgccacaaccgaagttggacaatgtcctgttcctagaggaagcaaaagtcgtaacaaggttgtt",TRUE,TRUE,TRUE,TRUE,TRUE
"MN00722:141:000H75TFF:1:12101:13028:16091_sub[29..161]","MN00722:141:000H75TFF:1:12101:13028:16091_sub[29..161]",21,19,0.954887218045,"MT730911_sub[1983..2115]",1,"order","lcs","Rhizophydiales",451442,"1@root@no rank|131567@cellular organisms@no rank|2759@Eukaryota@superkingdom|33154@Opisthokonta@clade|4751@Fungi@kingdom|112252@Fungi incertae sedis@no rank|4761@Chytridiomycota@phylum|2683659@Chytridiomycota incertae sedis@no rank|451435@Chytridiomycetes@class|451442@Rhizophydiales@order","cgtcgctagtaccgattgaatggcttagtgagacctccggattggcggctttttggtggcaacaccatcgagctgccgagaagttggtcaaacttggtcatttagaggaactaaaagtcgtaacaaggtaacc",TRUE,TRUE,TRUE,TRUE,TRUE
"MN00722:141:000H75TFF:1:12107:18655:2883_sub[28..138]","MN00722:141:000H75TFF:1:12107:18655:2883_sub[28..138]",21,21,0.850877192982,"JQ271668_sub[1998..2110]",2,"family","lcs","Acrasidae",1144924,"1@root@no rank|131567@cellular organisms@no rank|2759@Eukaryota@superkingdom|2611352@Discoba@clade|5752@Heterolobosea@phylum|2601529@Tetramitia@clade|2601530@Eutetramitia@clade|1144924@Acrasidae@family","cgtcgctcctaccaatggaatgggaaggtgaatttgaaggaccgtccttttgggggggaatttagctgaaccttttcgtttgtaggaaggagaagtcgtaacaaggtctcc",TRUE,TRUE,TRUE,TRUE,TRUE
"MN00722:141:000H75TFF:1:12103:12344:14190_sub[29..157]","MN00722:141:000H75TFF:1:12103:12344:14190_sub[29..157]",21,20,0.903703703704,"FN562442_sub[1625..1759]",2,"superkingdom","lcs","Eukaryota",2759,"1@root@no rank|131567@cellular organisms@no rank|2759@Eukaryota@superkingdom","cgtcgctcctaccgattgaatggtccggcgaaatcttcggactgcggctgaggcggttcgccgtcgatgctgcgggaagttgattaaaccttatcatttagaggaaggagaagtcgtaacaaggtttcc",TRUE,TRUE,TRUE,TRUE,TRUE
"MN00722:141:000H75TFF:1:22105:10210:5907_sub[31..161]","MN00722:141:000H75TFF:1:22105:10210:5907_sub[31..161]",49081,17,0.969465648855,"GU067947_sub[1648..1778]",1,"species","lcs","Eudiaptomus environmental sample",858401,"1@root@no rank|131567@cellular organisms@no rank|2759@Eukaryota@superkingdom|33154@Opisthokonta@clade|33208@Metazoa@kingdom|6072@Eumetazoa@clade|33213@Bilateria@clade|33317@Protostomia@clade|1206794@Ecdysozoa@clade|88770@Panarthropoda@clade|6656@Arthropoda@phylum|197563@Mandibulata@clade|197562@Pancrustacea@clade|6657@Crustacea@subphylum|2172821@Multicrustacea@superclass|72037@Hexanauplia@class|6830@Copepoda@subclass|116569@Neocopepoda@infraclass|116570@Gymnoplea@superorder|6833@Calanoida@order|236535@Diaptomidae@family|251516@Eudiaptomus@genus|858400@environmental samples@no rank|858401@Eudiaptomus environmental sample@species","cgtcgctactaccgattgagcgttttagtgaggtcctcggactattggcctggcggttaaccctgcctcgctagtggaaagacgaccaaactgtagcgcttagaggaagtaaaagtcgtaacaaggtttcc",TRUE,TRUE,TRUE,TRUE,TRUE
"MN00722:141:000H75TFF:1:23109:10126:6184_sub[29..159]","MN00722:141:000H75TFF:1:23109:10126:6184_sub[29..159]",19,19,0.977272727273,"AJ535163_sub[1643..1773]",9,"phylum","lcs","Bacillariophyta",2836,"1@root@no rank|131567@cellular organisms@no rank|2759@Eukaryota@superkingdom|2698737@Sar@clade|33634@Stramenopiles@clade|2696291@Ochrophyta@clade|2836@Bacillariophyta@phylum","cgtcgcacctaccgattgaatggtccggtgaagcctcgggattgtggctggttccctttattgggagttggtcgcgagaacttgtctaaaccttatcatttagaggaaggtgaagtcgtaacaaggtttcc",TRUE,TRUE,TRUE,TRUE,TRUE
"MN00722:141:000H75TFF:1:13109:16833:14001_sub[30..162]","MN00722:141:000H75TFF:1:13109:16833:14001_sub[30..162]",19,19,0.992481203008,"KF153691_sub[26..158]",2,"genus","lcs","Cyclops",263416,"1@root@no rank|131567@cellular organisms@no rank|2759@Eukaryota@superkingdom|33154@Opisthokonta@clade|33208@Metazoa@kingdom|6072@Eumetazoa@clade|33213@Bilateria@clade|33317@Protostomia@clade|1206794@Ecdysozoa@clade|88770@Panarthropoda@clade|6656@Arthropoda@phylum|197563@Mandibulata@clade|197562@Pancrustacea@clade|6657@Crustacea@subphylum|2172821@Multicrustacea@superclass|72037@Hexanauplia@class|6830@Copepoda@subclass|116569@Neocopepoda@infraclass|116571@Podoplea@superorder|84308@Cyclopoida@order|84315@Cyclopidae@family|263416@Cyclops@genus","cgtcgctactaccgattgaacgttttagtgaggtatttggaccgggcctctggtggctcacgcctccagtgctgctcgggaagactcccaaacttgagcgtttagaggaagtaaaagtcgtaacaaggttact",TRUE,TRUE,TRUE,TRUE,TRUE
"MN00722:141:000H75TFF:1:21110:4409:5602_sub[29..164]","MN00722:141:000H75TFF:1:21110:4409:5602_sub[29..164]",488,17,0.985294117647,"AM490275_sub[1920..2055]",1,"species","lcs","Bosmina longirostris",27403,"1@root@no rank|131567@cellular organisms@no rank|2759@Eukaryota@superkingdom|33154@Opisthokonta@clade|33208@Metazoa@kingdom|6072@Eumetazoa@clade|33213@Bilateria@clade|33317@Protostomia@clade|1206794@Ecdysozoa@clade|88770@Panarthropoda@clade|6656@Arthropoda@phylum|197563@Mandibulata@clade|197562@Pancrustacea@clade|6657@Crustacea@subphylum|6658@Branchiopoda@class|116557@Phyllopoda@subclass|84337@Diplostraca@order|6665@Cladocera@suborder|116561@Anomopoda@infraorder|27401@Bosminidae@family|27402@Bosmina@genus|27403@Bosmina longirostris@species","cgtcgctactaccgattgaatgatttagtgagaacttcagacggctatgtttgtccggggcaacccgcgtcgagcagggctgaaagatgctcaaacttgatcctttagaggaagtaaaagtcgtaacaaggtttcc",TRUE,TRUE,TRUE,TRUE,TRUE
"MN00722:141:000H75TFF:1:23109:6753:5901_sub[31..162]","MN00722:141:000H75TFF:1:23109:6753:5901_sub[31..162]",19,16,0.856115107914,"MN069512_sub[1607..1743]",3,"superkingdom","lcs","Eukaryota",2759,"1@root@no rank|131567@cellular organisms@no rank|2759@Eukaryota@superkingdom","cgtcgctactaccgattgaatggcttagtgagctctctggagtgaagcagtttgcgggcaaccgtggacagttttgccaaaagagatcaaacttgatcatttagaggaagtaaaagtcgtaacaaggtttcc",TRUE,TRUE,TRUE,TRUE,TRUE
"MN00722:141:000H75TFF:1:23110:8336:15840_sub[28..161]","MN00722:141:000H75TFF:1:23110:8336:15840_sub[28..161]",19,16,0.955223880597,"HF952565_sub[1441..1570]",1,"order","lcs","Pyrenomonadales",589342,"1@root@no rank|131567@cellular organisms@no rank|2759@Eukaryota@superkingdom|3027@Cryptophyceae@class|589342@Pyrenomonadales@order","cgtcgctcctaccgactgaatgttccggtgagctctctggagtgttggtctttttcaagtaattgtcttagactttaaacgaagttgcgcaaaccttaacatttggaggaaggagaagtcgtaacaaggtttcc",TRUE,TRUE,TRUE,TRUE,TRUE
"MN00722:141:000H75TFF:1:23105:13821:19971_sub[29..151]","MN00722:141:000H75TFF:1:23105:13821:19971_sub[29..151]",19,17,1,"OU230529_sub[1545..1667]",1,"species","lcs","Cinetochilum margaritaceum",1349747,"1@root@no rank|131567@cellular organisms@no rank|2759@Eukaryota@superkingdom|2698737@Sar@clade|33630@Alveolata@clade|5878@Ciliophora@phylum|431838@Intramacronucleata@subphylum|6020@Oligohymenophorea@class|35094@Scuticociliatia@subclass|198613@Philasterida@order|692528@Cinetochilidae@family|693930@Cinetochilum@genus|1349747@Cinetochilum margaritaceum@species","cgtcgctcctaccgattcgagtgatccggtgaaccttctggattggttaatgcctcgtgtattgatcgagaagttaagtaaaccttatcacttagaggaaggagaagtcgtaacaaggtttcc",TRUE,TRUE,TRUE,TRUE,TRUE
"MN00722:141:000H75TFF:1:12101:4251:2053_sub[31..163]","MN00722:141:000H75TFF:1:12101:4251:2053_sub[31..163]",19,17,0.940740740741,"AB491653_sub[1622..1754]",2,"genus","lcs","Monomastix",141715,"1@root@no rank|131567@cellular organisms@no rank|2759@Eukaryota@superkingdom|33090@Viridiplantae@kingdom|3041@Chlorophyta@phylum|1035538@Mamiellophyceae@class|1525214@Monomastigales@order|1525215@Monomastigaceae@family|141715@Monomastix@genus","cgtcgctcctaccgattgaatggtccggtgaagccttgggacgaggggggcggtgcggttcgccgcgctgccctcttcgaaacttgtctgaaccttatcatttagaggaaggagaagtcgtaacaaggtttcc",TRUE,TRUE,TRUE,TRUE,TRUE
"MN00722:141:000H75TFF:1:22101:22274:9149_sub[30..160]","MN00722:141:000H75TFF:1:22101:22274:9149_sub[30..160]",527,13,0.992366412214,"MCU73228_sub[1637..1767]",1,"species","lcs","Mallomonas caudata",52549,"1@root@no rank|131567@cellular organisms@no rank|2759@Eukaryota@superkingdom|2698737@Sar@clade|33634@Stramenopiles@clade|2696291@Ochrophyta@clade|33859@Synurophyceae@class|420622@Synurales@order|420617@Mallomonadaceae@family|2988@Mallomonas@genus|52549@Mallomonas caudata@species","cgtcgcacctaccgattgaatgattcggtgaaaattccggactgtggcttggtaaccgcgaggcagccttgctgtaggaagttatttaaacctcatcatttagaggaaggtgaagtcgtaacaaggtttcc",TRUE,TRUE,TRUE,TRUE,TRUE
"MN00722:141:000H75TFF:1:11105:23807:12076_sub[28..192]","MN00722:141:000H75TFF:1:11105:23807:12076_sub[28..192]",2666,16,0.975903614458,"AF014011_sub[2102..2266]",1,"genus","lcs","Daphnia",6668,"1@root@no rank|131567@cellular organisms@no rank|2759@Eukaryota@superkingdom|33154@Opisthokonta@clade|33208@Metazoa@kingdom|6072@Eumetazoa@clade|33213@Bilateria@clade|33317@Protostomia@clade|1206794@Ecdysozoa@clade|88770@Panarthropoda@clade|6656@Arthropoda@phylum|197563@Mandibulata@clade|197562@Pancrustacea@clade|6657@Crustacea@subphylum|6658@Branchiopoda@class|116557@Phyllopoda@subclass|84337@Diplostraca@order|6665@Cladocera@suborder|116561@Anomopoda@infraorder|77658@Daphniidae@family|6668@Daphnia@genus","cgtcgcacctaccgattgaatgatttagtgaggccttcggacgggcttgtcggggtgccgtcgagcggggagcaatctctgcccgtgcggcgcctaccaacggcgagactgaaagatggtcgaacttgatcctttagaggaagtaaaagtcgtaacaaggtttcc",TRUE,TRUE,TRUE,TRUE,TRUE
"MN00722:141:000H75TFF:1:23105:14767:2817_sub[30..160]","MN00722:141:000H75TFF:1:23105:14767:2817_sub[30..160]",18,18,0.977099236641,"DQ093370_sub[1648..1778]",3,"subclass","lcs","Thalassiosirophycidae",33846,"1@root@no rank|131567@cellular organisms@no rank|2759@Eukaryota@superkingdom|2698737@Sar@clade|33634@Stramenopiles@clade|2696291@Ochrophyta@clade|2836@Bacillariophyta@phylum|33836@Coscinodiscophyceae@class|33846@Thalassiosirophycidae@subclass","cgtcgctcctaccgattgaatggtccggtgaggactcgggattgtggtttggctccttcattggggccagaccgtgagaactcgtccaaaccttatcatttagaggaaggtgaagtcgtaacaaggtttcc",TRUE,TRUE,TRUE,TRUE,TRUE
"MN00722:141:000H75TFF:1:11108:21105:17232_sub[31..166]","MN00722:141:000H75TFF:1:11108:21105:17232_sub[31..166]",488,14,0.985294117647,"AM490275_sub[1920..2055]",1,"species","lcs","Bosmina longirostris",27403,"1@root@no rank|131567@cellular organisms@no rank|2759@Eukaryota@superkingdom|33154@Opisthokonta@clade|33208@Metazoa@kingdom|6072@Eumetazoa@clade|33213@Bilateria@clade|33317@Protostomia@clade|1206794@Ecdysozoa@clade|88770@Panarthropoda@clade|6656@Arthropoda@phylum|197563@Mandibulata@clade|197562@Pancrustacea@clade|6657@Crustacea@subphylum|6658@Branchiopoda@class|116557@Phyllopoda@subclass|84337@Diplostraca@order|6665@Cladocera@suborder|116561@Anomopoda@infraorder|27401@Bosminidae@family|27402@Bosmina@genus|27403@Bosmina longirostris@species","cgtcgctactaccgattgaatgatttagtgagaacttcagacggctatgtttgtccggggcaacccgcgtcgagcagggctgaaggatgttcaaacttgatcctttagaggaagtaaaagtcgtaacaaggtttcc",TRUE,TRUE,TRUE,TRUE,TRUE
"MN00722:141:000H75TFF:1:11106:10058:1233_sub[29..159]","MN00722:141:000H75TFF:1:11106:10058:1233_sub[29..159]",49081,16,0.977099236641,"GU067947_sub[1648..1778]",1,"species","lcs","Eudiaptomus environmental sample",858401,"1@root@no rank|131567@cellular organisms@no rank|2759@Eukaryota@superkingdom|33154@Opisthokonta@clade|33208@Metazoa@kingdom|6072@Eumetazoa@clade|33213@Bilateria@clade|33317@Protostomia@clade|1206794@Ecdysozoa@clade|88770@Panarthropoda@clade|6656@Arthropoda@phylum|197563@Mandibulata@clade|197562@Pancrustacea@clade|6657@Crustacea@subphylum|2172821@Multicrustacea@superclass|72037@Hexanauplia@class|6830@Copepoda@subclass|116569@Neocopepoda@infraclass|116570@Gymnoplea@superorder|6833@Calanoida@order|236535@Diaptomidae@family|251516@Eudiaptomus@genus|858400@environmental samples@no rank|858401@Eudiaptomus environmental sample@species","cgtcgctactaccgattgagcgttttagtgaggtcctcggactgttggcctggcggttaacgctgcctcgctagtggagagacgaccaaactgtagcgcttagaggaagtaaaagtcgtaacaaggtttcc",TRUE,TRUE,TRUE,TRUE,TRUE
"MN00722:141:000H75TFF:1:12102:13020:14222_sub[31..161]","MN00722:141:000H75TFF:1:12102:13020:14222_sub[31..161]",17,12,0.954198473282,"HF952565_sub[1441..1570]",1,"order","lcs","Pyrenomonadales",589342,"1@root@no rank|131567@cellular organisms@no rank|2759@Eukaryota@superkingdom|3027@Cryptophyceae@class|589342@Pyrenomonadales@order","cgtcgctgctaccgattggatggtttagtgaggcccacggactgttgagggcatcagttcactggcgcttgctgttggaagtggtacaaacttgatcatctagaggaagcaaaagtcgtaacaaggtttcc",TRUE,TRUE,TRUE,TRUE,TRUE
"MN00722:141:000H75TFF:1:11104:3503:18596_sub[29..161]","MN00722:141:000H75TFF:1:11104:3503:18596_sub[29..161]",15,15,0.992481203008,"HQ643697_sub[1637..1769]",1,"species","lcs","Pythium monospermum",92964,"1@root@no rank|131567@cellular organisms@no rank|2759@Eukaryota@superkingdom|2698737@Sar@clade|33634@Stramenopiles@clade|4762@Oomycota@phylum|121069@Pythiales@order|4782@Pythiaceae@family|4797@Pythium@genus|92964@Pythium monospermum@species","cgtcgcacctaccgattgaatgactcggtgagaaatcgggaccgtggatctgtttgcttcattgcgagtggattcatgggaactttttctaacctcgccatttagaggaaggtgaagtcgtaacaaggtttcc",TRUE,TRUE,TRUE,TRUE,TRUE
"MN00722:141:000H75TFF:1:23104:17132:6706_sub[29..158]","MN00722:141:000H75TFF:1:23104:17132:6706_sub[29..158]",15,15,0.910447761194,"KF697324_sub[168..298]",4,"clade","lcs","Stramenopiles",33634,"1@root@no rank|131567@cellular organisms@no rank|2759@Eukaryota@superkingdom|2698737@Sar@clade|33634@Stramenopiles@clade","cgtcgcacctaccgattgaatgtttcggtgaaactttcggaccgtggctttggtaccctcgggtgctgagttgtgggaagttatttaaacctcaacatttagaggaaggtgaagtcgtaacaaggtttcc",TRUE,TRUE,TRUE,TRUE,TRUE
"MN00722:141:000H75TFF:1:13102:26784:9872_sub[31..161]","MN00722:141:000H75TFF:1:13102:26784:9872_sub[31..161]",15,6,0.93893129771,"HF952565_sub[1441..1570]",1,"order","lcs","Pyrenomonadales",589342,"1@root@no rank|131567@cellular organisms@no rank|2759@Eukaryota@superkingdom|3027@Cryptophyceae@class|589342@Pyrenomonadales@order","cgtcgcagctaccgattggacgatccggcaagatgtttggagttgtgttttttgacagtaatgttgagagatatgacaaagctcttcaaaccttatcgtctagaggaagctgaagtcgtaacaaggtctcc",TRUE,TRUE,TRUE,TRUE,TRUE
"MN00722:141:000H75TFF:1:21104:18245:11090_sub[31..162]","MN00722:141:000H75TFF:1:21104:18245:11090_sub[31..162]",159,12,0.969696969697,"HQ121430_sub[1571..1702]",1,"genus","lcs","Rhogostoma",981201,"1@root@no rank|131567@cellular organisms@no rank|2759@Eukaryota@superkingdom|2698737@Sar@clade|543769@Rhizaria@clade|136419@Cercozoa@phylum|1004930@Thecofilosea@class|589444@Cryomonadida@order|2004844@Rhogostomidae@family|981201@Rhogostoma@genus","cgtcgctactaccgattgaatggcttagtgagctctctggactgttgcgtgttaggggcaactttgacacgcaaatggggaggagatcaaacttgatcatttagaggaagtaaaagtcgtaacaaggtttcc",TRUE,TRUE,TRUE,TRUE,TRUE
"MN00722:141:000H75TFF:1:13110:23755:19999_sub[29..156]","MN00722:141:000H75TFF:1:13110:23755:19999_sub[29..156]",375,12,0.873134328358,"KM233174_sub[148..276]",1,"superkingdom","lcs","Eukaryota",2759,"1@root@no rank|131567@cellular organisms@no rank|2759@Eukaryota@superkingdom","cgtcgctactaccgattgaatggcttagtgaggcctacggatttgggcagtggccgcaaggctgctagcttggagaagccggtcaaacttggtcatttagaggaagtaaaagttgtaacaaggtttcc",TRUE,TRUE,TRUE,TRUE,TRUE
"MN00722:141:000H75TFF:1:13102:18208:7304_sub[29..159]","MN00722:141:000H75TFF:1:13102:18208:7304_sub[29..159]",49081,14,0.977099236641,"GU067947_sub[1648..1778]",1,"species","lcs","Eudiaptomus environmental sample",858401,"1@root@no rank|131567@cellular organisms@no rank|2759@Eukaryota@superkingdom|33154@Opisthokonta@clade|33208@Metazoa@kingdom|6072@Eumetazoa@clade|33213@Bilateria@clade|33317@Protostomia@clade|1206794@Ecdysozoa@clade|88770@Panarthropoda@clade|6656@Arthropoda@phylum|197563@Mandibulata@clade|197562@Pancrustacea@clade|6657@Crustacea@subphylum|2172821@Multicrustacea@superclass|72037@Hexanauplia@class|6830@Copepoda@subclass|116569@Neocopepoda@infraclass|116570@Gymnoplea@superorder|6833@Calanoida@order|236535@Diaptomidae@family|251516@Eudiaptomus@genus|858400@environmental samples@no rank|858401@Eudiaptomus environmental sample@species","cgtcgctactaccgattgagcgttttagtgaggtcctcggactgttggcctggcggttaacgctgcctcgctagtggaaagacgaccgaactgtagcgcttagaggaagtaaaagtcgtaacaaggtttcc",TRUE,TRUE,TRUE,TRUE,TRUE
"MN00722:141:000H75TFF:1:12105:3496:19711_sub[30..160]","MN00722:141:000H75TFF:1:12105:3496:19711_sub[30..160]",49081,15,0.977099236641,"GU067947_sub[1648..1778]",1,"species","lcs","Eudiaptomus environmental sample",858401,"1@root@no rank|131567@cellular organisms@no rank|2759@Eukaryota@superkingdom|33154@Opisthokonta@clade|33208@Metazoa@kingdom|6072@Eumetazoa@clade|33213@Bilateria@clade|33317@Protostomia@clade|1206794@Ecdysozoa@clade|88770@Panarthropoda@clade|6656@Arthropoda@phylum|197563@Mandibulata@clade|197562@Pancrustacea@clade|6657@Crustacea@subphylum|2172821@Multicrustacea@superclass|72037@Hexanauplia@class|6830@Copepoda@subclass|116569@Neocopepoda@infraclass|116570@Gymnoplea@superorder|6833@Calanoida@order|236535@Diaptomidae@family|251516@Eudiaptomus@genus|858400@environmental samples@no rank|858401@Eudiaptomus environmental sample@species","cgtcgctactaccgattgagcgttttagtgaggtccttggactgttggcctggcggttaacgctgcctcgctagtggaaagacgaccaaactgtagcgcttagaggaagtaaaagtcgtaacaaggtttcc",TRUE,TRUE,TRUE,TRUE,TRUE
"MN00722:141:000H75TFF:1:22106:6884:4830_sub[31..161]","MN00722:141:000H75TFF:1:22106:6884:4830_sub[31..161]",49081,14,0.977099236641,"GU067947_sub[1648..1778]",1,"species","lcs","Eudiaptomus environmental sample",858401,"1@root@no rank|131567@cellular organisms@no rank|2759@Eukaryota@superkingdom|33154@Opisthokonta@clade|33208@Metazoa@kingdom|6072@Eumetazoa@clade|33213@Bilateria@clade|33317@Protostomia@clade|1206794@Ecdysozoa@clade|88770@Panarthropoda@clade|6656@Arthropoda@phylum|197563@Mandibulata@clade|197562@Pancrustacea@clade|6657@Crustacea@subphylum|2172821@Multicrustacea@superclass|72037@Hexanauplia@class|6830@Copepoda@subclass|116569@Neocopepoda@infraclass|116570@Gymnoplea@superorder|6833@Calanoida@order|236535@Diaptomidae@family|251516@Eudiaptomus@genus|858400@environmental samples@no rank|858401@Eudiaptomus environmental sample@species","cgtcgctactactgattgagcgttttagtgaggtcctcggactgttggcctggcggttaacgctgcctcgctagtggaaagacgaccaaactgtagcgcttagaggaagtaaaagtcgtaacaaggtttcc",TRUE,TRUE,TRUE,TRUE,TRUE
"MN00722:141:000H75TFF:1:22105:4004:15457_sub[30..159]","MN00722:141:000H75TFF:1:22105:4004:15457_sub[30..159]",50,15,0.984615384615,"FM876311_sub[1617..1746]",2,"class","lcs","Cryptophyceae",3027,"1@root@no rank|131567@cellular organisms@no rank|2759@Eukaryota@superkingdom|3027@Cryptophyceae@class","cgtcgctcctaccgattgaatggtccggtgaaatcttcggattgctgggtaggtttcgcaagttacctatctgcgagaagttgcttgaaccttatcatttagaggaagtaaaagtcgtaacaaggtttcc",TRUE,TRUE,TRUE,TRUE,TRUE
"MN00722:141:000H75TFF:1:23105:13033:20084_sub[29..159]","MN00722:141:000H75TFF:1:23105:13033:20084_sub[29..159]",527,12,0.992366412214,"MCU73228_sub[1637..1767]",1,"species","lcs","Mallomonas caudata",52549,"1@root@no rank|131567@cellular organisms@no rank|2759@Eukaryota@superkingdom|2698737@Sar@clade|33634@Stramenopiles@clade|2696291@Ochrophyta@clade|33859@Synurophyceae@class|420622@Synurales@order|420617@Mallomonadaceae@family|2988@Mallomonas@genus|52549@Mallomonas caudata@species","cgtcgcacctaccgactgaatgattcggtgaaaattccggactgtggcttggtaaccgcgaggtagccttgctgtaggaagttatttaaacctcatcatttagaggaaggtgaagtcgtaacaaggtttcc",TRUE,TRUE,TRUE,TRUE,TRUE
"MN00722:141:000H75TFF:1:13109:7213:8242_sub[29..154]","MN00722:141:000H75TFF:1:13109:7213:8242_sub[29..154]",14,14,0.92125984252,"KY271698_sub[360..484]",2,"order","lcs","Eustigmatales",425074,"1@root@no rank|131567@cellular organisms@no rank|2759@Eukaryota@superkingdom|2698737@Sar@clade|33634@Stramenopiles@clade|2696291@Ochrophyta@clade|5747@Eustigmatophyceae@class|425074@Eustigmatales@order","cgtcgcacctaccgattgaatgattcggtgaagatttcggaccgtgccgctggtctctgaccgacgacgtgggaagttatctaaacctcatcatttagaggaaggtgaagtcgtaacaaggtttcc",TRUE,TRUE,TRUE,TRUE,TRUE
"MN00722:141:000H75TFF:1:11105:2476:8986_sub[31..195]","MN00722:141:000H75TFF:1:11105:2476:8986_sub[31..195]",2666,14,0.975757575758,"GR506018_sub[101..265]",3,"genus","lcs","Daphnia",6668,"1@root@no rank|131567@cellular organisms@no rank|2759@Eukaryota@superkingdom|33154@Opisthokonta@clade|33208@Metazoa@kingdom|6072@Eumetazoa@clade|33213@Bilateria@clade|33317@Protostomia@clade|1206794@Ecdysozoa@clade|88770@Panarthropoda@clade|6656@Arthropoda@phylum|197563@Mandibulata@clade|197562@Pancrustacea@clade|6657@Crustacea@subphylum|6658@Branchiopoda@class|116557@Phyllopoda@subclass|84337@Diplostraca@order|6665@Cladocera@suborder|116561@Anomopoda@infraorder|77658@Daphniidae@family|6668@Daphnia@genus","cgtcgctactaccgattgaatgatttagtgaggccttcggacaggcttgtcggggtgccgtcgagcggggagcaatctctgctcgcgcggtgcctaccaacggcgagactgaaagatggtcgaacttgatcctttagaggaagtaaaagtcgtaacaaggtttcc",TRUE,TRUE,TRUE,TRUE,TRUE
"MN00722:141:000H75TFF:1:12103:25665:9359_sub[30..194]","MN00722:141:000H75TFF:1:12103:25665:9359_sub[30..194]",2666,12,0.975757575758,"AF014011_sub[2102..2266]",1,"genus","lcs","Daphnia",6668,"1@root@no rank|131567@cellular organisms@no rank|2759@Eukaryota@superkingdom|33154@Opisthokonta@clade|33208@Metazoa@kingdom|6072@Eumetazoa@clade|33213@Bilateria@clade|33317@Protostomia@clade|1206794@Ecdysozoa@clade|88770@Panarthropoda@clade|6656@Arthropoda@phylum|197563@Mandibulata@clade|197562@Pancrustacea@clade|6657@Crustacea@subphylum|6658@Branchiopoda@class|116557@Phyllopoda@subclass|84337@Diplostraca@order|6665@Cladocera@suborder|116561@Anomopoda@infraorder|77658@Daphniidae@family|6668@Daphnia@genus","cgtcgctactaccgattgaatgatttagtgaggccttcggacgggcttgtcggggtgccgtcgagcggggagcaatctctgcccgtgcggcgcctaccaacggcgagactgaaagatggtcgaacttgatcctttagaggaagtaaaagtcgtaacaaggtaacc",TRUE,TRUE,TRUE,TRUE,TRUE
"MN00722:141:000H75TFF:1:22110:6648:8523_sub[30..164]","MN00722:141:000H75TFF:1:22110:6648:8523_sub[30..164]",66,14,0.977777777778,"GU067829_sub[1638..1772]",2,"superkingdom","lcs","Eukaryota",2759,"1@root@no rank|131567@cellular organisms@no rank|2759@Eukaryota@superkingdom","cgtcgctactaccgattgaatggtttagtgagatcttcggattggtccggaggtggcagcaatgttgcctctaggttctgagaagatgatcaaacttgatcatttagaggaagtaaaagtcgtaacaaggtttcc",TRUE,TRUE,TRUE,TRUE,TRUE
"MN00722:141:000H75TFF:1:12110:23775:20369_sub[29..159]","MN00722:141:000H75TFF:1:12110:23775:20369_sub[29..159]",49081,14,0.961832061069,"GU067947_sub[1648..1778]",1,"species","lcs","Eudiaptomus environmental sample",858401,"1@root@no rank|131567@cellular organisms@no rank|2759@Eukaryota@superkingdom|33154@Opisthokonta@clade|33208@Metazoa@kingdom|6072@Eumetazoa@clade|33213@Bilateria@clade|33317@Protostomia@clade|1206794@Ecdysozoa@clade|88770@Panarthropoda@clade|6656@Arthropoda@phylum|197563@Mandibulata@clade|197562@Pancrustacea@clade|6657@Crustacea@subphylum|2172821@Multicrustacea@superclass|72037@Hexanauplia@class|6830@Copepoda@subclass|116569@Neocopepoda@infraclass|116570@Gymnoplea@superorder|6833@Calanoida@order|236535@Diaptomidae@family|251516@Eudiaptomus@genus|858400@environmental samples@no rank|858401@Eudiaptomus environmental sample@species","cgtcgctactaccgattgagcgttttagtgaggtcctcggactgttggcctggcggttaaccctgcctcgctagtggaaagacgaccaaactgtagcgcttagaggaagtaaaagtcgtaacaaggtatct",TRUE,TRUE,TRUE,TRUE,TRUE
"MN00722:141:000H75TFF:1:11104:20595:11052_sub[30..160]","MN00722:141:000H75TFF:1:11104:20595:11052_sub[30..160]",49081,13,0.977099236641,"GU067947_sub[1648..1778]",1,"species","lcs","Eudiaptomus environmental sample",858401,"1@root@no rank|131567@cellular organisms@no rank|2759@Eukaryota@superkingdom|33154@Opisthokonta@clade|33208@Metazoa@kingdom|6072@Eumetazoa@clade|33213@Bilateria@clade|33317@Protostomia@clade|1206794@Ecdysozoa@clade|88770@Panarthropoda@clade|6656@Arthropoda@phylum|197563@Mandibulata@clade|197562@Pancrustacea@clade|6657@Crustacea@subphylum|2172821@Multicrustacea@superclass|72037@Hexanauplia@class|6830@Copepoda@subclass|116569@Neocopepoda@infraclass|116570@Gymnoplea@superorder|6833@Calanoida@order|236535@Diaptomidae@family|251516@Eudiaptomus@genus|858400@environmental samples@no rank|858401@Eudiaptomus environmental sample@species","cgtcgctactgccgattgagcgttttagtgaggtcctcggactgttggcctggcggttaacgctgcctcgctagtggaaagacgaccaaactgtagcgcttagaggaagtaaaagtcgtaacaaggtttcc",TRUE,TRUE,TRUE,TRUE,TRUE
"MN00722:141:000H75TFF:1:11105:15225:7523_sub[28..162]","MN00722:141:000H75TFF:1:11105:15225:7523_sub[28..162]",66,13,0.992592592593,"GU067829_sub[1638..1772]",2,"superkingdom","lcs","Eukaryota",2759,"1@root@no rank|131567@cellular organisms@no rank|2759@Eukaryota@superkingdom","cgtcgctactaccgattgaatggtttagtgagatcttcggattggtccggaggtggccgcaaggttgcctctaggttctgagaagatgatcaaacttgatcatttagaggaagtaaaagtcgtaacaaggtttcc",TRUE,TRUE,TRUE,TRUE,TRUE
"MN00722:141:000H75TFF:1:21107:8771:7067_sub[28..167]","MN00722:141:000H75TFF:1:21107:8771:7067_sub[28..167]",13,13,0.914285714286,"HF952565_sub[1441..1570]",1,"order","lcs","Pyrenomonadales",589342,"1@root@no rank|131567@cellular organisms@no rank|2759@Eukaryota@superkingdom|3027@Cryptophyceae@class|589342@Pyrenomonadales@order","cgtcgctcctaccgattggaacatacggtgaaaatctcggagagtgcagttctagatgggtagttcgctattcatctcctgtgttcaaagttatttaaatctcatgttttagaggaaggagaagtcgtaacaaggtttcc",TRUE,TRUE,TRUE,TRUE,TRUE
"MN00722:141:000H75TFF:1:23110:21347:12296_sub[28..151]","MN00722:141:000H75TFF:1:23110:21347:12296_sub[28..151]",13,13,0.991935483871,"HM623917_sub[1621..1744]",2,"genus","lcs","Neourostylopsis",1332039,"1@root@no rank|131567@cellular organisms@no rank|2759@Eukaryota@superkingdom|2698737@Sar@clade|33630@Alveolata@clade|5878@Ciliophora@phylum|431838@Intramacronucleata@subphylum|33829@Spirotrichea@class|194286@Stichotrichia@subclass|486728@Urostylida@order|578128@Holostichidae@family|1332039@Neourostylopsis@genus","cgtcgctcctaccgatttcgagtgatccggtgaaccttttggacagcgatgagtctcgtgctcgttgctggaagtcaagtaaatcttatcacttagaggaaggagaagtcgtaacaaggtttcc",TRUE,TRUE,TRUE,TRUE,TRUE
"MN00722:141:000H75TFF:1:11102:9949:18645_sub[30..164]","MN00722:141:000H75TFF:1:11102:9949:18645_sub[30..164]",50,12,0.955555555556,"KP730494_sub[1572..1706]",1,"species","lcs","Microstomum schultei",2971496,"1@root@no rank|131567@cellular organisms@no rank|2759@Eukaryota@superkingdom|33154@Opisthokonta@clade|33208@Metazoa@kingdom|6072@Eumetazoa@clade|33213@Bilateria@clade|33317@Protostomia@clade|2697495@Spiralia@clade|1206795@Lophotrochozoa@clade|6157@Platyhelminthes@phylum|147100@Rhabditophora@class|166235@Macrostomorpha@clade|39215@Macrostomida@order|52055@Microstomidae@family|52056@Microstomum@genus|2971496@Microstomum schultei@species","cgccgctactaccgattgaatgttctggtgaaatcatcagagtggtgccgatggggtggtctccactccattggaaactgcaaagacgcttaaacctgagcatttagaggaagtaaaagtcgtaacaaggtttcc",TRUE,TRUE,TRUE,TRUE,TRUE
"MN00722:141:000H75TFF:1:21107:23631:8279_sub[28..162]","MN00722:141:000H75TFF:1:21107:23631:8279_sub[28..162]",50,12,0.948148148148,"KP730494_sub[1572..1706]",1,"species","lcs","Microstomum schultei",2971496,"1@root@no rank|131567@cellular organisms@no rank|2759@Eukaryota@superkingdom|33154@Opisthokonta@clade|33208@Metazoa@kingdom|6072@Eumetazoa@clade|33213@Bilateria@clade|33317@Protostomia@clade|2697495@Spiralia@clade|1206795@Lophotrochozoa@clade|6157@Platyhelminthes@phylum|147100@Rhabditophora@class|166235@Macrostomorpha@clade|39215@Macrostomida@order|52055@Microstomidae@family|52056@Microstomum@genus|2971496@Microstomum schultei@species","cgtcgctactaccgattgaatgttctggtgaaatcatcagagtggtgccgatggggtggtctccactccattggaaactgcaaagacgcttaaacctgagcatttagaggaagtaaaagtcgtaacaaggttact",TRUE,TRUE,TRUE,TRUE,TRUE
"MN00722:141:000H75TFF:1:12108:26487:11002_sub[29..156]","MN00722:141:000H75TFF:1:12108:26487:11002_sub[29..156]",6505,12,0.9921875,"LC647558_sub[1617..1744]",3,"genus","lcs","Cryptomonas",3030,"1@root@no rank|131567@cellular organisms@no rank|2759@Eukaryota@superkingdom|3027@Cryptophyceae@class|589350@Cryptomonadales@order|2896@Cryptomonadaceae@family|3030@Cryptomonas@genus","cgtcgctcctaccgattgaatggtccggcgaaatcctcagattgctggcgagttcttcacggttctcgctgtgagaagttgattaaaccttatcatttagaggaaggagaagtcgtaacaaggtttcc",TRUE,TRUE,TRUE,TRUE,TRUE
"MN00722:141:000H75TFF:1:21109:11855:17360_sub[29..156]","MN00722:141:000H75TFF:1:21109:11855:17360_sub[29..156]",6505,10,0.9921875,"KU900222_sub[1617..1744]",3,"genus","lcs","Cryptomonas",3030,"1@root@no rank|131567@cellular organisms@no rank|2759@Eukaryota@superkingdom|3027@Cryptophyceae@class|589350@Cryptomonadales@order|2896@Cryptomonadaceae@family|3030@Cryptomonas@genus","cgtcgctcctaccgattgaatggtccggcgaaatcttcagattgctggcgagttcttcacggttctcgctgcgagaagttgattaaaccttatcatttagaggaaggagaagtcgtaacaaggtttcc",TRUE,TRUE,TRUE,TRUE,TRUE
"MN00722:141:000H75TFF:1:21106:15887:8212_sub[31..159]","MN00722:141:000H75TFF:1:21106:15887:8212_sub[31..159]",12,12,0.953488372093,"LT853996_sub[1601..1729]",4,"order","lcs","Chlamydomonadales",3042,"1@root@no rank|131567@cellular organisms@no rank|2759@Eukaryota@superkingdom|33090@Viridiplantae@kingdom|3041@Chlorophyta@phylum|2692248@core chlorophytes@clade|3166@Chlorophyceae@class|2812636@CS clade@clade|3042@Chlamydomonadales@order","cgtcgctcctaccgattgggtgtgctggtgaagtgctcggactggctttgcttggggcaacctgggcatagctgggaagttcattaaaccctcccacctagaggaaggagaagtcgtaacaaggtttcc",TRUE,TRUE,TRUE,TRUE,TRUE
"MN00722:141:000H75TFF:1:22109:8650:19139_sub[28..143]","MN00722:141:000H75TFF:1:22109:8650:19139_sub[28..143]",12,12,0.991379310345,"KJ651857_sub[39..154]",2,"genus","lcs","Stentor",5962,"1@root@no rank|131567@cellular organisms@no rank|2759@Eukaryota@superkingdom|2698737@Sar@clade|33630@Alveolata@clade|5878@Ciliophora@phylum|431837@Postciliodesmatophora@subphylum|194287@Heterotrichea@class|5957@Heterotrichida@order|219169@Stentoridae@family|5962@Stentor@genus","cgtcgctcctaccgatttcgagtgatgaggtgaaccctccggactgtgcgcgtaagcgttgggaagttgagtaaaccttatcacttagaggaaggagaagtcgtaacaaggtatct",TRUE,TRUE,TRUE,TRUE,TRUE
"MN00722:141:000H75TFF:1:22106:24419:16416_sub[30..153]","MN00722:141:000H75TFF:1:22106:24419:16416_sub[30..153]",12,12,0.976,"DQ487198_sub[1527..1651]",1,"species","lcs","Strombidium sp. HCB-2005",382703,"1@root@no rank|131567@cellular organisms@no rank|2759@Eukaryota@superkingdom|2698737@Sar@clade|33630@Alveolata@clade|5878@Ciliophora@phylum|431838@Intramacronucleata@subphylum|33829@Spirotrichea@class|211030@Oligotrichia@subclass|60004@Strombidiidae@family|60005@Strombidium@genus|2315903@unclassified Strombidium@no rank|382703@Strombidium sp. HCB-2005@species","cgtcgctcctaccgatttcgagtggtccggtgaatcttttggactgcaagtggtttcgtgccacgcgcggaaagtcaggtaaatcttatcacttagaggaaggagaagtcgtaacaaggtttct",TRUE,TRUE,TRUE,TRUE,TRUE
"MN00722:141:000H75TFF:1:23106:10301:5934_sub[31..162]","MN00722:141:000H75TFF:1:23106:10301:5934_sub[31..162]",12,5,0.992481203008,"AJ746333_sub[1650..1782]",2,"genus","lcs","Eucyclops",84316,"1@root@no rank|131567@cellular organisms@no rank|2759@Eukaryota@superkingdom|33154@Opisthokonta@clade|33208@Metazoa@kingdom|6072@Eumetazoa@clade|33213@Bilateria@clade|33317@Protostomia@clade|1206794@Ecdysozoa@clade|88770@Panarthropoda@clade|6656@Arthropoda@phylum|197563@Mandibulata@clade|197562@Pancrustacea@clade|6657@Crustacea@subphylum|2172821@Multicrustacea@superclass|72037@Hexanauplia@class|6830@Copepoda@subclass|116569@Neocopepoda@infraclass|116571@Podoplea@superorder|84308@Cyclopoida@order|84315@Cyclopidae@family|84316@Eucyclops@genus","gtcgctactaccgattgaacgttttagtgaggtatttggactgggcctctggtggttcacgcctccagtgttgcccgggaagactcccaaacttgagcgtttagaggaagtaaaagtcgtaacaaggttact",TRUE,TRUE,TRUE,TRUE,TRUE
"MN00722:141:000H75TFF:1:13106:20495:5289_sub[31..162]","MN00722:141:000H75TFF:1:13106:20495:5289_sub[31..162]",11,11,0.984848484848,"HQ121430_sub[1571..1702]",1,"species","lcs","Rhogostoma schuessleri",981202,"1@root@no rank|131567@cellular organisms@no rank|2759@Eukaryota@superkingdom|2698737@Sar@clade|543769@Rhizaria@clade|136419@Cercozoa@phylum|1004930@Thecofilosea@class|589444@Cryomonadida@order|2004844@Rhogostomidae@family|981201@Rhogostoma@genus|981202@Rhogostoma schuessleri@species","cgccgctactaccgattgaatggcttagtgagctctctggactgttgcatgttgggggcaacttcgacacgcaaacgggaaggagatcaaacttgatcatttagaggaagtaaaagtcgtaacaaggtttcc",TRUE,TRUE,TRUE,TRUE,TRUE
"MN00722:141:000H75TFF:1:23105:18817:7624_sub[29..191]","MN00722:141:000H75TFF:1:23105:18817:7624_sub[29..191]",5738,5,0.975460122699,"AM490277_sub[1930..2092]",1,"species","lcs","Chydorus sphaericus",77745,"1@root@no rank|131567@cellular organisms@no rank|2759@Eukaryota@superkingdom|33154@Opisthokonta@clade|33208@Metazoa@kingdom|6072@Eumetazoa@clade|33213@Bilateria@clade|33317@Protostomia@clade|1206794@Ecdysozoa@clade|88770@Panarthropoda@clade|6656@Arthropoda@phylum|197563@Mandibulata@clade|197562@Pancrustacea@clade|6657@Crustacea@subphylum|6658@Branchiopoda@class|116557@Phyllopoda@subclass|84337@Diplostraca@order|6665@Cladocera@suborder|116561@Anomopoda@infraorder|77713@Chydoridae@family|77744@Chydorus@genus|77745@Chydorus sphaericus@species","cgtcgctactaccgattgaatgatttagtgaggccttcggacgggcccgtcgggcttccggctttcggggggcaactctcggaggctgaggctatccacggcgggactgaaagatgtccgaacttgatcctttagaggaagtagaagtcgtaacaaggtttcc",TRUE,TRUE,TRUE,TRUE,TRUE
"MN00722:141:000H75TFF:1:21109:16390:4623_sub[29..162]","MN00722:141:000H75TFF:1:21109:16390:4623_sub[29..162]",11,11,0.845588235294,"KJ720181_sub[1566..1698]",1,"kingdom","lcs","Fungi",4751,"1@root@no rank|131567@cellular organisms@no rank|2759@Eukaryota@superkingdom|33154@Opisthokonta@clade|4751@Fungi@kingdom","cgtcgctactaccgattgaatgtcttagtgagagggggggagagagtggatttcaaggagcaatccttggttctattttcgaaccctttcaaacttgaacatttagaggaagtaaaagtcgtaacaaggtttcc",TRUE,TRUE,TRUE,TRUE,TRUE
"MN00722:141:000H75TFF:1:13102:6710:18875_sub[29..159]","MN00722:141:000H75TFF:1:13102:6710:18875_sub[29..159]",49081,11,0.977099236641,"GU067947_sub[1648..1778]",1,"species","lcs","Eudiaptomus environmental sample",858401,"1@root@no rank|131567@cellular organisms@no rank|2759@Eukaryota@superkingdom|33154@Opisthokonta@clade|33208@Metazoa@kingdom|6072@Eumetazoa@clade|33213@Bilateria@clade|33317@Protostomia@clade|1206794@Ecdysozoa@clade|88770@Panarthropoda@clade|6656@Arthropoda@phylum|197563@Mandibulata@clade|197562@Pancrustacea@clade|6657@Crustacea@subphylum|2172821@Multicrustacea@superclass|72037@Hexanauplia@class|6830@Copepoda@subclass|116569@Neocopepoda@infraclass|116570@Gymnoplea@superorder|6833@Calanoida@order|236535@Diaptomidae@family|251516@Eudiaptomus@genus|858400@environmental samples@no rank|858401@Eudiaptomus environmental sample@species","cgtcgctactaccgattgagcgttttagtgaggtcctcggactgttggcctagcggttaacgctgcctcgctagtggaaagacgaccaaactgtagcgcttagaggaagtaaaagtcgtaacaaggtttcc",TRUE,TRUE,TRUE,TRUE,TRUE
"MN00722:141:000H75TFF:1:13106:11861:8875_sub[31..158]","MN00722:141:000H75TFF:1:13106:11861:8875_sub[31..158]",6505,10,0.9921875,"LC647555_sub[1616..1743]",3,"genus","lcs","Cryptomonas",3030,"1@root@no rank|131567@cellular organisms@no rank|2759@Eukaryota@superkingdom|3027@Cryptophyceae@class|589350@Cryptomonadales@order|2896@Cryptomonadaceae@family|3030@Cryptomonas@genus","cgtcgctcctaccgattgaatggtccggcgaaatcttcagattgctggcgggttcttcacggttctcgctgtgagaagttgattaaaccttatcatttagaggaaggagaagtcgtaacaaggtttcc",TRUE,TRUE,TRUE,TRUE,TRUE
"MN00722:141:000H75TFF:1:23105:13407:16592_sub[29..152]","MN00722:141:000H75TFF:1:23105:13407:16592_sub[29..152]",21,11,0.991935483871,"GU067995_sub[1627..1750]",2,"superkingdom","lcs","Eukaryota",2759,"1@root@no rank|131567@cellular organisms@no rank|2759@Eukaryota@superkingdom","cgtcgctcctaccgattgaatggtccggcgaaatcttcggattgctggcgaggctaacccctcgctgtgagaagttgattaaaccttatcatttagaggaaggagaagtcgtaacaaggtttcc",TRUE,TRUE,TRUE,TRUE,TRUE
"MN00722:141:000H75TFF:1:21107:15214:3071_sub[30..157]","MN00722:141:000H75TFF:1:21107:15214:3071_sub[30..157]",11,11,0.9765625,"MH107135_sub[1615..1742]",1,"species","lcs","Teleaulax amphioxeia",77931,"1@root@no rank|131567@cellular organisms@no rank|2759@Eukaryota@superkingdom|3027@Cryptophyceae@class|589342@Pyrenomonadales@order|589343@Geminigeraceae@family|77930@Teleaulax@genus|77931@Teleaulax amphioxeia@species","cgtcgctcctaccgattgaatggtccggtgaaatcttcggattgctggataggagggcaaccgcctatctgcgagaagttgcttgaaccttatcatttagaggaagtaaaagtcgtaacaaggtttcc",TRUE,TRUE,TRUE,TRUE,TRUE
"MN00722:141:000H75TFF:1:13104:21043:17795_sub[31..162]","MN00722:141:000H75TFF:1:13104:21043:17795_sub[31..162]",21,8,0.954887218045,"AB012845_sub[1639..1770]",4,"clade","lcs","core chlorophytes",2692248,"1@root@no rank|131567@cellular organisms@no rank|2759@Eukaryota@superkingdom|33090@Viridiplantae@kingdom|3041@Chlorophyta@phylum|2692248@core chlorophytes@clade","cgtcgctcctaccgattgggtgtgctggtgaagtgctcggattggctaccgtgggcggttcccgcctccggtcgccgaaaagttcattaaaccctcccacctagaggaaggagaagtcgtaacaaggtttcc",TRUE,TRUE,TRUE,TRUE,TRUE
"MN00722:141:000H75TFF:1:23107:19219:18688_sub[29..162]","MN00722:141:000H75TFF:1:23107:19219:18688_sub[29..162]",11,11,0.840579710145,"MG775595_sub[1656..1789]",1,"clade","lcs","Rhizaria",543769,"1@root@no rank|131567@cellular organisms@no rank|2759@Eukaryota@superkingdom|2698737@Sar@clade|543769@Rhizaria@clade","cgtcgctgctaccgattgaatggcttagtgagttccatggattcgcggtcttgccgggttcgctcggcactggccgtggagaagtggatcaaacttgactatttagaggaagcaaaagtcgtaacaaggtttcc",TRUE,TRUE,TRUE,TRUE,TRUE
"MN00722:141:000H75TFF:1:22106:17051:7213_sub[29..145]","MN00722:141:000H75TFF:1:22106:17051:7213_sub[29..145]",11,11,1,"AY490226_sub[1984..2100]",3,"superkingdom","lcs","Eukaryota",2759,"1@root@no rank|131567@cellular organisms@no rank|2759@Eukaryota@superkingdom","cgtcgttgtttccgatgatggtgcaatacaggtgatcggaccggcgagtgtttcacttgctcgaaagttcaccgatatttcttcaatagaggaagcaaaagtcgtaacaaggtagct",TRUE,TRUE,TRUE,TRUE,TRUE
"MN00722:141:000H75TFF:1:12109:4317:3587_sub[30..168]","MN00722:141:000H75TFF:1:12109:4317:3587_sub[30..168]",58,8,0.858156028369,"ES499873_sub[224..360]",2,"clade","lcs","Bilateria",33213,"1@root@no rank|131567@cellular organisms@no rank|2759@Eukaryota@superkingdom|33154@Opisthokonta@clade|33208@Metazoa@kingdom|6072@Eumetazoa@clade|33213@Bilateria@clade","cgtcgctactaccgattgaatgatttagcgagagctccggacggctaggtggggtgagcctctcggggctcgcctcgcccggctgaaagttgttcaaacttgatcctttagaggaagtaaaagtcgtaacaaggtttcc",TRUE,TRUE,TRUE,TRUE,TRUE
"MN00722:141:000H75TFF:1:22101:11607:14580_sub[31..159]","MN00722:141:000H75TFF:1:22101:11607:14580_sub[31..159]",10,10,0.887218045113,"AJ418794_sub[1646..1774]",1,"clade","lcs","Rhizaria",543769,"1@root@no rank|131567@cellular organisms@no rank|2759@Eukaryota@superkingdom|2698737@Sar@clade|543769@Rhizaria@clade","cgtcgctactaccgattgaatggcttagtgagctctacggactgagacattgtggggcaactcacggtgttttgggaagtagatcaaacttgatcatttagaggaagtaaaagtcgtaacaaggtttcc",TRUE,TRUE,TRUE,TRUE,TRUE
"MN00722:141:000H75TFF:1:12106:14800:12401_sub[31..193]","MN00722:141:000H75TFF:1:12106:14800:12401_sub[31..193]",10,10,0.981595092025,"MK568074_sub[1935..2097]",1,"species","lcs","Chydorus sphaericus",77745,"1@root@no rank|131567@cellular organisms@no rank|2759@Eukaryota@superkingdom|33154@Opisthokonta@clade|33208@Metazoa@kingdom|6072@Eumetazoa@clade|33213@Bilateria@clade|33317@Protostomia@clade|1206794@Ecdysozoa@clade|88770@Panarthropoda@clade|6656@Arthropoda@phylum|197563@Mandibulata@clade|197562@Pancrustacea@clade|6657@Crustacea@subphylum|6658@Branchiopoda@class|116557@Phyllopoda@subclass|84337@Diplostraca@order|6665@Cladocera@suborder|116561@Anomopoda@infraorder|77713@Chydoridae@family|77744@Chydorus@genus|77745@Chydorus sphaericus@species","cgtcgctactaccgattgagcgttttagtgaggtcttcggacgggcccgtcgggcttccggcttgcggggggcaactctcgtaggctgaggctatccacggcgggactgaaagatgcccgaacttgatcctttagaggaagtaaaagtcgtaacaaggtttcc",TRUE,TRUE,TRUE,TRUE,TRUE
"MN00722:141:000H75TFF:1:12104:3760:7757_sub[30..165]","MN00722:141:000H75TFF:1:12104:3760:7757_sub[30..165]",488,9,0.985294117647,"AM490275_sub[1920..2055]",1,"species","lcs","Bosmina longirostris",27403,"1@root@no rank|131567@cellular organisms@no rank|2759@Eukaryota@superkingdom|33154@Opisthokonta@clade|33208@Metazoa@kingdom|6072@Eumetazoa@clade|33213@Bilateria@clade|33317@Protostomia@clade|1206794@Ecdysozoa@clade|88770@Panarthropoda@clade|6656@Arthropoda@phylum|197563@Mandibulata@clade|197562@Pancrustacea@clade|6657@Crustacea@subphylum|6658@Branchiopoda@class|116557@Phyllopoda@subclass|84337@Diplostraca@order|6665@Cladocera@suborder|116561@Anomopoda@infraorder|27401@Bosminidae@family|27402@Bosmina@genus|27403@Bosmina longirostris@species","cgtcgctactaccgattggatgatttagtgagaacttcagacggctatgtttgtccggggcaacccgcgtcgagcagggctgaaagatgttcaaacttgatcctttagaggaagtaaaagtcgtaacaaggtttcc",TRUE,TRUE,TRUE,TRUE,TRUE
"MN00722:141:000H75TFF:1:13107:20956:19296_sub[30..161]","MN00722:141:000H75TFF:1:13107:20956:19296_sub[30..161]",21,9,0.954887218045,"AY195969_sub[1639..1770]",4,"clade","lcs","core chlorophytes",2692248,"1@root@no rank|131567@cellular organisms@no rank|2759@Eukaryota@superkingdom|33090@Viridiplantae@kingdom|3041@Chlorophyta@phylum|2692248@core chlorophytes@clade","cgtcgctcccaccgattgggtgtgctggtgaagtgttcggattggctaccgtgggcggttcccgcctccggtcgccgaaaagttcattaaaccctcccacctagaggaaggagaagtcgtaacaaggtttcc",TRUE,TRUE,TRUE,TRUE,TRUE
"MN00722:141:000H75TFF:1:23105:15534:20268_sub[31..154]","MN00722:141:000H75TFF:1:23105:15534:20268_sub[31..154]",21,10,0.991935483871,"GU067870_sub[1617..1740]",2,"superkingdom","lcs","Eukaryota",2759,"1@root@no rank|131567@cellular organisms@no rank|2759@Eukaryota@superkingdom","cgtcgctcctaccgattgaatggtccggcgaaatcttcagattgctggcgaggctaacccctcgctgtgagaagttgattaaaccttatcatttagaggaaggagaagttgtaacaaggtttcc",TRUE,TRUE,TRUE,TRUE,TRUE
"MN00722:141:000H75TFF:1:21104:24823:8490_sub[31..158]","MN00722:141:000H75TFF:1:21104:24823:8490_sub[31..158]",6505,10,0.9765625,"KU900222_sub[1617..1744]",3,"genus","lcs","Cryptomonas",3030,"1@root@no rank|131567@cellular organisms@no rank|2759@Eukaryota@superkingdom|3027@Cryptophyceae@class|589350@Cryptomonadales@order|2896@Cryptomonadaceae@family|3030@Cryptomonas@genus","cgtcgctcctaccgattgaatggtccggcgaaatcttcagattgctggcgagtgcttcacggtgctcgctgtgagaagttgattaaacctcatcatttagaggaaggagaagtcgtaacaaggtttcc",TRUE,TRUE,TRUE,TRUE,TRUE
"MN00722:141:000H75TFF:1:21106:21012:12179_sub[30..157]","MN00722:141:000H75TFF:1:21106:21012:12179_sub[30..157]",6505,10,0.9765625,"LC647558_sub[1617..1744]",3,"genus","lcs","Cryptomonas",3030,"1@root@no rank|131567@cellular organisms@no rank|2759@Eukaryota@superkingdom|3027@Cryptophyceae@class|589350@Cryptomonadales@order|2896@Cryptomonadaceae@family|3030@Cryptomonas@genus","cgtcgctcctaccgattgaatggtccggcgaaatcttcagattgctggcgagtgcttcacggtgctcgctgtgagaagttgattaagccttatcatttagaggaaggagaagtcgtaacaaggtttcc",TRUE,TRUE,TRUE,TRUE,TRUE
"MN00722:141:000H75TFF:1:21102:6226:5565_sub[29..165]","MN00722:141:000H75TFF:1:21102:6226:5565_sub[29..165]",10,10,0.90780141844,"EU853660_sub[433..568]",1,"species","lcs","Arachnula impatiens",536091,"1@root@no rank|131567@cellular organisms@no rank|2759@Eukaryota@superkingdom|2698737@Sar@clade|543769@Rhizaria@clade|2604748@Endomyxa@phylum|1367446@Vampyrellida@order|1920164@Leptophryidae@family|498001@Arachnula@genus|536091@Arachnula impatiens@species","cgtcgctcctaccgattgaatgttccggtgaatcctccggacctaatttcagtagtggggcaactcattacttgaagtcttgggaagttgcgtaaaccttaacatttagaggaaggagaagtcgtaacaaggtttcc",TRUE,TRUE,TRUE,TRUE,TRUE
"MN00722:141:000H75TFF:1:21102:17632:19471_sub[29..164]","MN00722:141:000H75TFF:1:21102:17632:19471_sub[29..164]",10,10,0.898550724638,"HF952565_sub[1441..1570]",1,"order","lcs","Pyrenomonadales",589342,"1@root@no rank|131567@cellular organisms@no rank|2759@Eukaryota@superkingdom|3027@Cryptophyceae@class|589342@Pyrenomonadales@order","cgtcgcttctaccgattgaatgtttagatgaggagttaagattcagcttggttttgctctgttcacgcatcaagaccgcggagaatttcttcgaatctcaatatttagaggaagaagaagtcgtaacaaggtaatc",TRUE,TRUE,TRUE,TRUE,TRUE
"MN00722:141:000H75TFF:1:12106:15698:12431_sub[28..156]","MN00722:141:000H75TFF:1:12106:15698:12431_sub[28..156]",10,10,0.874074074074,"AY360456_sub[1600..1731]",2,"superkingdom","lcs","Eukaryota",2759,"1@root@no rank|131567@cellular organisms@no rank|2759@Eukaryota@superkingdom","cgtcggtactaccgattgaatggcttagtgagatcttcggattgccagttcttgctgaaaggctagaattgataaaaagttgctcaaacttggtcatttagaggaagtaaaagtcgtaacaaggtttcc",TRUE,TRUE,TRUE,TRUE,TRUE
"MN00722:141:000H75TFF:1:22102:26766:9233_sub[29..148]","MN00722:141:000H75TFF:1:22102:26766:9233_sub[29..148]",10,6,0.951219512195,"AY015001_sub[2000..2121]",1,"species","lcs","Trachelomonas echinata",150588,"1@root@no rank|131567@cellular organisms@no rank|2759@Eukaryota@superkingdom|2611352@Discoba@clade|33682@Euglenozoa@phylum|3035@Euglenida@class|2570567@Spirocuta@clade|2704141@Euglenophyceae@subclass|86650@Euglenales@order|1131320@Euglenaceae@family|96503@Trachelomonas@genus|150588@Trachelomonas echinata@species","cgtcgttgctaccgatgagagcaaggcagagtcatcaggagacaactaccccttggggcagtcattgaaattgggcaatgccctgctcttagaggaagcaaaagtcgtaacaaggtttcc",TRUE,TRUE,TRUE,TRUE,TRUE
